case_id,case,topology,seed,method_key,method,run_name,tag,status,rel_error,contract_time_sec,emit_time_sec,total_time_sec,speedup_vs_exact,t_contract_ratio,rank_policy,leaf_tol,merge_tol,target_rank,max_rank,mean_rank,peak_rank,num_implicit_merge_sketches,num_exact_merges,num_compressed_merges,cache_enabled,cache_requests,cache_hits,cache_misses,cache_hit_rate,num_cached_states,num_blocks,mean_merge_residual_ratio,block_enabled,block_labels,chunk_size,level_id,leaf_tol_nominal,merge_tol_nominal,setting_id,cache_enabled_requested,run_dir
main_ring_8,Ring-8,ring,0,exact,exact,main_ring_8__exact__s0,core,ok,0.0,3.614419800000178,6.67000022076536e-05,3.6144865000023856,0.48341937367875837,0.9999815464788131,,,,,,,,,,,,,,,,,9.0,,,,,,,,,,C:\Users\mrkys\workspace\sketch_tnc\outputs\paper_strengthened\main_ring_8__exact__s0\2026-04-14_16-32-42
main_ring_8,Ring-8,ring,1,exact,exact,main_ring_8__exact__s1,core,ok,0.0,3.379203899996355,6.500000017695129e-05,3.379268899996532,0.5261902359965741,0.9999807650698714,,,,,,,,,,,,,,,,,9.0,,,,,,,,,,C:\Users\mrkys\workspace\sketch_tnc\outputs\paper_strengthened\main_ring_8__exact__s1\2026-04-14_16-32-49
main_ring_8,Ring-8,ring,2,exact,exact,main_ring_8__exact__s2,core,ok,0.0,3.0566521999971883,5.8599995099939406e-05,3.0567107999922882,0.5955830692298321,0.9999808290676042,,,,,,,,,,,,,,,,,9.0,,,,,,,,,,C:\Users\mrkys\workspace\sketch_tnc\outputs\paper_strengthened\main_ring_8__exact__s2\2026-04-14_16-32-54
main_ring_8,Ring-8,ring,0,fixed_rank,fixed-rank,main_ring_8__fixed_rank__s0,core,ok,0.8075321602784388,0.02784839999731048,4.1400009649805725e-05,0.027889800006960286,84.7154766024139,0.998515585961965,fixed,0.0,0.0,4,4,1.0,9.0,27.0,27.0,36.0,True,135.0,60.0,75.0,0.4444444444444444,75.0,9.0,0.0,,,,,,,,,C:\Users\mrkys\workspace\sketch_tnc\outputs\paper_strengthened\main_ring_8__fixed_rank__s0\2026-04-14_16-33-00
main_ring_8,Ring-8,ring,1,fixed_rank,fixed-rank,main_ring_8__fixed_rank__s1,core,ok,0.7771009286121126,0.026530899991485057,3.879999712808058e-05,0.026569699988613138,83.9630142931869,0.9985396900174542,fixed,0.0,0.0,4,4,1.0,9.0,27.0,27.0,36.0,True,135.0,60.0,75.0,0.4444444444444444,75.0,9.0,0.0,,,,,,,,,C:\Users\mrkys\workspace\sketch_tnc\outputs\paper_strengthened\main_ring_8__fixed_rank__s1\2026-04-14_16-33-03
main_ring_8,Ring-8,ring,2,fixed_rank,fixed-rank,main_ring_8__fixed_rank__s2,core,ok,0.832633229777223,0.03466380000099889,5.2600000344682485e-05,0.03471640000134357,70.14101980144798,0.9984848659036901,fixed,0.0,0.0,4,4,1.0,9.0,27.0,27.0,36.0,True,135.0,60.0,75.0,0.4444444444444444,75.0,9.0,0.0,,,,,,,,,C:\Users\mrkys\workspace\sketch_tnc\outputs\paper_strengthened\main_ring_8__fixed_rank__s2\2026-04-14_16-33-06
main_ring_8,Ring-8,ring,0,astnc_l1,ASTNC-L1,main_ring_8__astnc_l1__s0,core,ok,4.273663529339475e-15,0.10837180000089575,5.2400006097741425e-05,0.10842420000699349,22.6122913503112,0.9995167129930967,adaptive,0.0005,0.002,2,16,1.0,16.0,0.0,27.0,36.0,True,135.0,60.0,75.0,0.4444444444444444,75.0,9.0,2.6375446901360654e-09,,,,,,,,,C:\Users\mrkys\workspace\sketch_tnc\outputs\paper_strengthened\main_ring_8__astnc_l1__s0\2026-04-14_16-33-10
main_ring_8,Ring-8,ring,1,astnc_l1,ASTNC-L1,main_ring_8__astnc_l1__s1,core,ok,4.3440744297741834e-15,0.09889709999697516,4.1200000850949436e-05,0.0989382999978261,20.302518842743723,0.9995835788380087,adaptive,0.0005,0.002,2,16,1.0,16.0,0.0,27.0,36.0,True,135.0,60.0,75.0,0.4444444444444444,75.0,9.0,1.636910297962205e-09,,,,,,,,,C:\Users\mrkys\workspace\sketch_tnc\outputs\paper_strengthened\main_ring_8__astnc_l1__s1\2026-04-14_16-33-13
main_ring_8,Ring-8,ring,2,astnc_l1,ASTNC-L1,main_ring_8__astnc_l1__s2,core,ok,4.74811385642094e-15,0.07986020000680583,3.849999848171137e-05,0.07989870000528754,21.96874542217312,0.9995181398511028,adaptive,0.0005,0.002,2,16,1.0,16.0,0.0,27.0,36.0,True,135.0,60.0,75.0,0.4444444444444444,75.0,9.0,1.5646647676976439e-09,,,,,,,,,C:\Users\mrkys\workspace\sketch_tnc\outputs\paper_strengthened\main_ring_8__astnc_l1__s2\2026-04-14_16-33-16
main_ring_8,Ring-8,ring,0,astnc_l2,ASTNC-L2,main_ring_8__astnc_l2__s0,core,ok,4.273663529339475e-15,0.0804056999986642,3.949999518226832e-05,0.08044519999384647,21.824972777777102,0.999508982559745,adaptive,0.001,0.005,2,16,1.0,16.0,0.0,27.0,36.0,True,135.0,60.0,75.0,0.4444444444444444,75.0,9.0,2.6375446901360654e-09,,,,,,,,,C:\Users\mrkys\workspace\sketch_tnc\outputs\paper_strengthened\main_ring_8__astnc_l2__s0\2026-04-14_16-33-19
main_ring_8,Ring-8,ring,1,astnc_l2,ASTNC-L2,main_ring_8__astnc_l2__s1,core,ok,4.3440744297741834e-15,0.0808232999916072,3.669999568955973e-05,0.08085999998729676,20.97649888983185,0.9995461291529202,adaptive,0.001,0.005,2,16,1.0,16.0,0.0,27.0,36.0,True,135.0,60.0,75.0,0.4444444444444444,75.0,9.0,1.636910297962205e-09,,,,,,,,,C:\Users\mrkys\workspace\sketch_tnc\outputs\paper_strengthened\main_ring_8__astnc_l2__s1\2026-04-14_16-33-21
main_ring_8,Ring-8,ring,2,astnc_l2,ASTNC-L2,main_ring_8__astnc_l2__s2,core,ok,0.005480598439468959,0.08017399999880581,3.740000101970509e-05,0.08021139999982552,21.914447322712984,0.9995337320877167,adaptive,0.001,0.005,2,16,1.0,16.0,0.0,27.0,36.0,True,135.0,60.0,75.0,0.4444444444444444,75.0,9.0,0.00038312962089419626,,,,,,,,,C:\Users\mrkys\workspace\sketch_tnc\outputs\paper_strengthened\main_ring_8__astnc_l2__s2\2026-04-14_16-33-24
main_ring_8,Ring-8,ring,0,astnc_l3,ASTNC-L3,main_ring_8__astnc_l3__s0,core,ok,0.01265240987912524,0.07949589999770978,3.699999797390774e-05,0.07953289999568369,22.019446041488365,0.999534783731318,adaptive,0.003,0.015,2,16,1.0,16.0,0.0,27.0,36.0,True,135.0,60.0,75.0,0.4444444444444444,75.0,9.0,0.0012648250665846673,,,,,,,,,C:\Users\mrkys\workspace\sketch_tnc\outputs\paper_strengthened\main_ring_8__astnc_l3__s0\2026-04-14_16-33-26
main_ring_8,Ring-8,ring,1,astnc_l3,ASTNC-L3,main_ring_8__astnc_l3__s1,core,ok,0.013302342205506107,0.08091959999364917,3.6699999327538535e-05,0.08095629999297671,21.333159990466072,0.9995466690012973,adaptive,0.003,0.015,2,16,1.0,16.0,0.0,26.0,37.0,True,135.0,60.0,75.0,0.4444444444444444,75.0,9.0,0.0016147693873446915,,,,,,,,,C:\Users\mrkys\workspace\sketch_tnc\outputs\paper_strengthened\main_ring_8__astnc_l3__s1\2026-04-14_16-33-29
main_ring_8,Ring-8,ring,2,astnc_l3,ASTNC-L3,main_ring_8__astnc_l3__s2,core,ok,0.020647529700280706,0.08003260000259615,3.51999988197349e-05,0.08006780000141589,21.405274029640047,0.9995603725864994,adaptive,0.003,0.015,2,16,1.0,16.0,0.0,25.0,38.0,True,135.0,60.0,75.0,0.4444444444444444,75.0,9.0,0.003066605336607722,,,,,,,,,C:\Users\mrkys\workspace\sketch_tnc\outputs\paper_strengthened\main_ring_8__astnc_l3__s2\2026-04-14_16-33-31
main_tree_8,Tree-8,tree,0,exact,exact,main_tree_8__exact__s0,core,ok,0.0,0.9681737999962934,4.199999966658652e-05,0.96821579999596,0.9893379141290999,0.9999566212401546,,,,,,,,,,,,,,,,,9.0,,,,,,,,,,C:\Users\mrkys\workspace\sketch_tnc\outputs\paper_strengthened\main_tree_8__exact__s0\2026-04-14_16-33-34
main_tree_8,Tree-8,tree,1,exact,exact,main_tree_8__exact__s1,core,ok,0.0,0.9666664000033052,4.5599997974932194e-05,0.9667120000012801,0.8814804202186839,0.9999528297993872,,,,,,,,,,,,,,,,,9.0,,,,,,,,,,C:\Users\mrkys\workspace\sketch_tnc\outputs\paper_strengthened\main_tree_8__exact__s1\2026-04-14_16-33-36
main_tree_8,Tree-8,tree,2,exact,exact,main_tree_8__exact__s2,core,ok,0.0,1.3542563999981212,5.51999946765136e-05,1.3543115999927977,0.9205262658913483,0.9999592412885803,,,,,,,,,,,,,,,,,9.0,,,,,,,,,,C:\Users\mrkys\workspace\sketch_tnc\outputs\paper_strengthened\main_tree_8__exact__s2\2026-04-14_16-33-39
main_tree_8,Tree-8,tree,0,fixed_rank,fixed-rank,main_tree_8__fixed_rank__s0,core,ok,0.6724252332041912,0.021214500004134607,3.160000414936803e-05,0.021246100008283975,46.34517391744751,0.9985126679656239,fixed,0.0,0.0,4,4,1.0,4.0,18.0,12.0,45.0,True,123.0,54.0,69.0,0.43902439024390244,69.0,9.0,0.0,,,,,,,,,C:\Users\mrkys\workspace\sketch_tnc\outputs\paper_strengthened\main_tree_8__fixed_rank__s0\2026-04-14_16-33-42
main_tree_8,Tree-8,tree,1,fixed_rank,fixed-rank,main_tree_8__fixed_rank__s1,core,ok,0.637790459836012,0.019507200002408354,3.229999856557697e-05,0.01953950000097393,48.673998817339644,0.998346938275682,fixed,0.0,0.0,4,4,1.0,9.0,9.0,21.0,36.0,True,123.0,54.0,69.0,0.43902439024390244,69.0,9.0,0.0,,,,,,,,,C:\Users\mrkys\workspace\sketch_tnc\outputs\paper_strengthened\main_tree_8__fixed_rank__s1\2026-04-14_16-33-44
main_tree_8,Tree-8,tree,2,fixed_rank,fixed-rank,main_tree_8__fixed_rank__s2,core,ok,0.6470679179039315,0.014435300003242446,3.579999611247331e-05,0.01447109999935492,88.53640704372984,0.9975261039512134,fixed,0.0,0.0,4,4,1.0,9.0,3.0,15.0,30.0,True,99.0,42.0,57.0,0.42424242424242425,57.0,9.0,0.0,,,,,,,,,C:\Users\mrkys\workspace\sketch_tnc\outputs\paper_strengthened\main_tree_8__fixed_rank__s2\2026-04-14_16-33-46
main_tree_8,Tree-8,tree,0,astnc_l1,ASTNC-L1,main_tree_8__astnc_l1__s0,core,ok,3.268335770021782e-15,0.02128409999932046,3.0699997296324e-05,0.021314799996616784,44.64817873514874,0.9985596863071783,adaptive,0.0005,0.002,2,16,1.0,16.0,0.0,21.0,36.0,True,123.0,54.0,69.0,0.43902439024390244,69.0,9.0,1.024129043468337e-09,,,,,,,,,C:\Users\mrkys\workspace\sketch_tnc\outputs\paper_strengthened\main_tree_8__astnc_l1__s0\2026-04-14_16-33-48
main_tree_8,Tree-8,tree,1,astnc_l1,ASTNC-L1,main_tree_8__astnc_l1__s1,core,ok,4.130731782078273e-15,0.030800800002907636,3.699999433592893e-05,0.030837799997243565,36.49930604861959,0.9988001739638355,adaptive,0.0005,0.002,2,16,1.0,12.0,0.0,21.0,36.0,True,123.0,54.0,69.0,0.43902439024390244,69.0,9.0,1.0312729886241825e-09,,,,,,,,,C:\Users\mrkys\workspace\sketch_tnc\outputs\paper_strengthened\main_tree_8__astnc_l1__s1\2026-04-14_16-33-49
main_tree_8,Tree-8,tree,2,astnc_l1,ASTNC-L1,main_tree_8__astnc_l1__s2,core,ok,3.017880172823222e-15,0.019415800001297612,3.759999162866734e-05,0.01945339999292628,63.69463437704385,0.9980671762961536,adaptive,0.0005,0.002,2,16,1.0,16.0,0.0,15.0,30.0,True,99.0,42.0,57.0,0.42424242424242425,57.0,9.0,1.5399960104402787e-09,,,,,,,,,C:\Users\mrkys\workspace\sketch_tnc\outputs\paper_strengthened\main_tree_8__astnc_l1__s2\2026-04-14_16-33-51
main_tree_8,Tree-8,tree,0,astnc_l2,ASTNC-L2,main_tree_8__astnc_l2__s0,core,ok,3.268335770021782e-15,0.021858399995835498,2.8199992812005803e-05,0.021886599988647504,45.8215483662576,0.9987115406766998,adaptive,0.001,0.005,2,16,1.0,16.0,0.0,21.0,36.0,True,123.0,54.0,69.0,0.43902439024390244,69.0,9.0,1.024129043468337e-09,,,,,,,,,C:\Users\mrkys\workspace\sketch_tnc\outputs\paper_strengthened\main_tree_8__astnc_l2__s0\2026-04-14_16-33-53
main_tree_8,Tree-8,tree,1,astnc_l2,ASTNC-L2,main_tree_8__astnc_l2__s1,core,ok,0.011881707967085823,0.03163759999733884,3.369999467395246e-05,0.03167129999201279,28.370398442717313,0.9989359452980653,adaptive,0.001,0.005,2,16,1.0,12.0,0.0,19.0,38.0,True,123.0,54.0,69.0,0.43902439024390244,69.0,9.0,0.000532948714726192,,,,,,,,,C:\Users\mrkys\workspace\sketch_tnc\outputs\paper_strengthened\main_tree_8__astnc_l2__s1\2026-04-14_16-33-55
main_tree_8,Tree-8,tree,2,astnc_l2,ASTNC-L2,main_tree_8__astnc_l2__s2,core,ok,0.0025488888150221986,0.018106500003341353,3.430000288062729e-05,0.01814080000622198,61.55514087373435,0.9981092342197163,adaptive,0.001,0.005,2,16,1.0,16.0,0.0,14.0,31.0,True,99.0,42.0,57.0,0.42424242424242425,57.0,9.0,0.0001330676796925349,,,,,,,,,C:\Users\mrkys\workspace\sketch_tnc\outputs\paper_strengthened\main_tree_8__astnc_l2__s2\2026-04-14_16-33-57
main_tree_8,Tree-8,tree,0,astnc_l3,ASTNC-L3,main_tree_8__astnc_l3__s0,core,ok,0.012065919083784423,0.02171430000453256,3.1099993066163734e-05,0.021745399997598724,42.18041976948404,0.9985698127388705,adaptive,0.003,0.015,2,16,1.0,16.0,0.0,21.0,36.0,True,123.0,54.0,69.0,0.43902439024390244,69.0,9.0,0.0017993020629501557,,,,,,,,,C:\Users\mrkys\workspace\sketch_tnc\outputs\paper_strengthened\main_tree_8__astnc_l3__s0\2026-04-14_16-33-58
main_tree_8,Tree-8,tree,1,astnc_l3,ASTNC-L3,main_tree_8__astnc_l3__s1,core,ok,0.07484377553504579,0.030177799995726673,3.7099998735357076e-05,0.03021489999446203,30.202926375504422,0.9987721289912947,adaptive,0.003,0.015,2,16,1.0,12.0,0.0,17.0,40.0,True,123.0,54.0,69.0,0.43902439024390244,69.0,9.0,0.004790058972207887,,,,,,,,,C:\Users\mrkys\workspace\sketch_tnc\outputs\paper_strengthened\main_tree_8__astnc_l3__s1\2026-04-14_16-34-00
main_tree_8,Tree-8,tree,2,astnc_l3,ASTNC-L3,main_tree_8__astnc_l3__s2,core,ok,0.05891183249566136,0.017822400004661176,3.2799991458887234e-05,0.017855199996120064,70.54073324347753,0.9981630005564667,adaptive,0.003,0.015,2,16,1.0,16.0,0.0,4.0,41.0,True,99.0,42.0,57.0,0.42424242424242425,57.0,9.0,0.0066025596700731454,,,,,,,,,C:\Users\mrkys\workspace\sketch_tnc\outputs\paper_strengthened\main_tree_8__astnc_l3__s2\2026-04-14_16-34-02
main_grid2d_3x3,Grid 3x3,grid2d,0,exact,exact,main_grid2d_3x3__exact__s0,core,ok,0.0,49.98706200000379,0.00017720000687404536,49.98723920001066,0.9346811855932236,0.999996455095126,,,,,,,,,,,,,,,,,9.0,,,,,,,,,,C:\Users\mrkys\workspace\sketch_tnc\outputs\paper_strengthened\main_grid2d_3x3__exact__s0\2026-04-14_16-34-04
main_grid2d_3x3,Grid 3x3,grid2d,1,exact,exact,main_grid2d_3x3__exact__s1,core,ok,0.0,41.371981700001925,0.00014040000314707868,41.37212210000507,1.1694427199806579,0.9999966064103792,,,,,,,,,,,,,,,,,9.0,,,,,,,,,,C:\Users\mrkys\workspace\sketch_tnc\outputs\paper_strengthened\main_grid2d_3x3__exact__s1\2026-04-14_16-35-41
main_grid2d_3x3,Grid 3x3,grid2d,2,exact,exact,main_grid2d_3x3__exact__s2,core,ok,0.0,50.38105980000546,0.00017239999942830764,50.38123220000489,0.8563415167919357,0.9999965780908306,,,,,,,,,,,,,,,,,9.0,,,,,,,,,,C:\Users\mrkys\workspace\sketch_tnc\outputs\paper_strengthened\main_grid2d_3x3__exact__s2\2026-04-14_16-37-12
main_grid2d_3x3,Grid 3x3,grid2d,0,fixed_rank,fixed-rank,main_grid2d_3x3__fixed_rank__s0,core,ok,0.9801624658690081,0.11398220000774018,0.0002184999939345289,0.1142007000016747,407.48784726290137,0.9980867017896614,fixed,0.0,0.0,4,4,1.0,4.0,45.0,12.0,54.0,True,141.0,62.0,79.0,0.4397163120567376,79.0,9.0,0.0,,,,,,,,,C:\Users\mrkys\workspace\sketch_tnc\outputs\paper_strengthened\main_grid2d_3x3__fixed_rank__s0\2026-04-14_16-38-46
main_grid2d_3x3,Grid 3x3,grid2d,1,fixed_rank,fixed-rank,main_grid2d_3x3__fixed_rank__s1,core,ok,0.9796896242282239,0.10500570000294829,0.00021079999714856967,0.10521650000009686,447.30151639251653,0.9979965119715408,fixed,0.0,0.0,4,4,1.0,4.0,45.0,12.0,54.0,True,141.0,62.0,79.0,0.4397163120567376,79.0,9.0,0.0,,,,,,,,,C:\Users\mrkys\workspace\sketch_tnc\outputs\paper_strengthened\main_grid2d_3x3__fixed_rank__s1\2026-04-14_16-39-33
main_grid2d_3x3,Grid 3x3,grid2d,2,fixed_rank,fixed-rank,main_grid2d_3x3__fixed_rank__s2,core,ok,0.9768860698784515,0.0996904000021459,0.00011780000204453245,0.09980820000419044,473.63774116291603,0.9988197362236929,fixed,0.0,0.0,4,4,1.0,4.0,45.0,12.0,54.0,True,141.0,62.0,79.0,0.4397163120567376,79.0,9.0,0.0,,,,,,,,,C:\Users\mrkys\workspace\sketch_tnc\outputs\paper_strengthened\main_grid2d_3x3__fixed_rank__s2\2026-04-14_16-40-22
main_grid2d_3x3,Grid 3x3,grid2d,0,astnc_l1,ASTNC-L1,main_grid2d_3x3__astnc_l1__s0,core,ok,2.5922960896179675e-14,0.5469835000003513,0.00019430000247666612,0.547177800002828,81.87124916194001,0.9996449051780331,adaptive,0.0005,0.002,2,16,1.0,64.0,18.0,30.0,36.0,True,141.0,62.0,79.0,0.4397163120567376,79.0,9.0,2.780777418672972e-09,,,,,,,,,C:\Users\mrkys\workspace\sketch_tnc\outputs\paper_strengthened\main_grid2d_3x3__astnc_l1__s0\2026-04-14_16-41-10
main_grid2d_3x3,Grid 3x3,grid2d,1,astnc_l1,ASTNC-L1,main_grid2d_3x3__astnc_l1__s1,core,ok,1.8723660307418475e-14,0.4632772999975714,0.00017309999748249538,0.4634503999950539,93.86408858501542,0.9996264972508732,adaptive,0.0005,0.002,2,16,1.0,64.0,18.0,30.0,36.0,True,141.0,62.0,79.0,0.4397163120567376,79.0,9.0,2.5139479744519136e-09,,,,,,,,,C:\Users\mrkys\workspace\sketch_tnc\outputs\paper_strengthened\main_grid2d_3x3__astnc_l1__s1\2026-04-14_16-41-56
main_grid2d_3x3,Grid 3x3,grid2d,2,astnc_l1,ASTNC-L1,main_grid2d_3x3__astnc_l1__s2,core,ok,3.293875730640507e-13,0.5331726999975217,0.00020479999511735514,0.5333774999926391,84.20632572714688,0.9996160318046416,adaptive,0.0005,0.002,2,16,1.0,64.0,18.0,30.0,36.0,True,141.0,62.0,79.0,0.4397163120567376,79.0,9.0,4.202551126454723e-09,,,,,,,,,C:\Users\mrkys\workspace\sketch_tnc\outputs\paper_strengthened\main_grid2d_3x3__astnc_l1__s2\2026-04-14_16-42-41
main_grid2d_3x3,Grid 3x3,grid2d,0,astnc_l2,ASTNC-L2,main_grid2d_3x3__astnc_l2__s0,core,ok,0.004461158998039425,0.5424502999994729,0.00016479999976581894,0.5426150999992387,83.3111085555492,0.9996962856345765,adaptive,0.001,0.005,2,16,1.0,64.0,13.0,30.0,36.0,True,141.0,62.0,79.0,0.4397163120567376,79.0,9.0,0.00047029104248323943,,,,,,,,,C:\Users\mrkys\workspace\sketch_tnc\outputs\paper_strengthened\main_grid2d_3x3__astnc_l2__s0\2026-04-14_16-43-27
main_grid2d_3x3,Grid 3x3,grid2d,1,astnc_l2,ASTNC-L2,main_grid2d_3x3__astnc_l2__s1,core,ok,0.0036330415769231217,0.5394004000008863,0.00018989999807672575,0.539590299998963,82.99739543132232,0.9996480663216579,adaptive,0.001,0.005,2,16,1.0,64.0,14.0,30.0,36.0,True,141.0,62.0,79.0,0.4397163120567376,79.0,9.0,0.0003575458888133989,,,,,,,,,C:\Users\mrkys\workspace\sketch_tnc\outputs\paper_strengthened\main_grid2d_3x3__astnc_l2__s1\2026-04-14_16-44-13
main_grid2d_3x3,Grid 3x3,grid2d,2,astnc_l2,ASTNC-L2,main_grid2d_3x3__astnc_l2__s2,core,ok,0.004138565325776238,0.5201605000074778,0.00013019999096286483,0.5202906999984407,86.48337439061369,0.9997497552964852,adaptive,0.001,0.005,2,16,1.0,64.0,14.0,30.0,36.0,True,141.0,62.0,79.0,0.4397163120567376,79.0,9.0,0.0003810071516455509,,,,,,,,,C:\Users\mrkys\workspace\sketch_tnc\outputs\paper_strengthened\main_grid2d_3x3__astnc_l2__s2\2026-04-14_16-45-00
main_grid2d_3x3,Grid 3x3,grid2d,0,astnc_l3,ASTNC-L3,main_grid2d_3x3__astnc_l3__s0,core,ok,0.01741521740166041,0.7117588000000978,0.00017859999934444204,0.7119373999994423,63.706101828567164,0.9997491352465199,adaptive,0.003,0.015,2,16,1.0,64.0,9.0,30.0,36.0,True,141.0,62.0,79.0,0.4397163120567376,79.0,9.0,0.002463308763360486,,,,,,,,,C:\Users\mrkys\workspace\sketch_tnc\outputs\paper_strengthened\main_grid2d_3x3__astnc_l3__s0\2026-04-14_16-45-46
main_grid2d_3x3,Grid 3x3,grid2d,1,astnc_l3,ASTNC-L3,main_grid2d_3x3__astnc_l3__s1,core,ok,0.018703417210727272,0.9017825999981142,0.00012290001177461818,0.9019055000098888,50.37190293156248,0.9998637329379041,adaptive,0.003,0.015,2,16,1.0,64.0,6.0,30.0,36.0,True,141.0,62.0,79.0,0.4397163120567376,79.0,9.0,0.0029884905108331617,,,,,,,,,C:\Users\mrkys\workspace\sketch_tnc\outputs\paper_strengthened\main_grid2d_3x3__astnc_l3__s1\2026-04-14_16-46-33
main_grid2d_3x3,Grid 3x3,grid2d,2,astnc_l3,ASTNC-L3,main_grid2d_3x3__astnc_l3__s2,core,ok,0.018033436202702455,0.6045126999997592,0.00017430000298190862,0.6046870000027411,75.80797569603575,0.9997117516930564,adaptive,0.003,0.015,2,16,1.0,64.0,9.0,30.0,36.0,True,141.0,62.0,79.0,0.4397163120567376,79.0,9.0,0.0024868680164840708,,,,,,,,,C:\Users\mrkys\workspace\sketch_tnc\outputs\paper_strengthened\main_grid2d_3x3__astnc_l3__s2\2026-04-14_16-47-20
main_random_8,Random-8,random_connected,0,exact,exact,main_random_8__exact__s0,core,ok,0.0,0.7527138000004925,4.369999805931002e-05,0.7527574999985518,1.0074062364028131,0.9999419467769377,,,,,,,,,,,,,,,,,9.0,,,,,,,,,,C:\Users\mrkys\workspace\sketch_tnc\outputs\paper_strengthened\main_random_8__exact__s0\2026-04-14_16-48-07
main_random_8,Random-8,random_connected,1,exact,exact,main_random_8__exact__s1,core,ok,0.0,0.28018999999403604,4.6899996959837154e-05,0.2802368999909959,1.1628918247711502,0.9998326416044384,,,,,,,,,,,,,,,,,9.0,,,,,,,,,,C:\Users\mrkys\workspace\sketch_tnc\outputs\paper_strengthened\main_random_8__exact__s1\2026-04-14_16-48-10
main_random_8,Random-8,random_connected,2,exact,exact,main_random_8__exact__s2,core,ok,0.0,1.1687163999995391,8.380000144825317e-05,1.1688002000009874,0.9614627889311055,0.9999283025426859,,,,,,,,,,,,,,,,,9.0,,,,,,,,,,C:\Users\mrkys\workspace\sketch_tnc\outputs\paper_strengthened\main_random_8__exact__s2\2026-04-14_16-48-11
main_random_8,Random-8,random_connected,0,fixed_rank,fixed-rank,main_random_8__fixed_rank__s0,core,ok,0.935519502694432,0.012809400002879556,3.3499993151053786e-05,0.01284289999603061,66.86521737285827,0.9973915553217109,fixed,0.0,0.0,4,4,1.0,9.0,9.0,15.0,18.0,True,75.0,30.0,45.0,0.4,45.0,9.0,0.0,,,,,,,,,C:\Users\mrkys\workspace\sketch_tnc\outputs\paper_strengthened\main_random_8__fixed_rank__s0\2026-04-14_16-48-14
main_random_8,Random-8,random_connected,1,fixed_rank,fixed-rank,main_random_8__fixed_rank__s1,core,ok,0.861307386204862,0.022769099996367004,3.399999695830047e-05,0.022803099993325304,13.565944984487233,0.9985089747461195,fixed,0.0,0.0,4,4,1.0,9.0,18.0,27.0,36.0,True,135.0,60.0,75.0,0.4444444444444444,75.0,9.0,0.0,,,,,,,,,C:\Users\mrkys\workspace\sketch_tnc\outputs\paper_strengthened\main_random_8__fixed_rank__s1\2026-04-14_16-48-16
main_random_8,Random-8,random_connected,2,fixed_rank,fixed-rank,main_random_8__fixed_rank__s2,core,ok,0.9881300222398413,0.03415109999332344,3.359999755048193e-05,0.034184699990873924,34.75374949309008,0.9990171041852505,fixed,0.0,0.0,4,4,1.0,4.0,12.0,12.0,21.0,True,75.0,30.0,45.0,0.4,45.0,9.0,0.0,,,,,,,,,C:\Users\mrkys\workspace\sketch_tnc\outputs\paper_strengthened\main_random_8__fixed_rank__s2\2026-04-14_16-48-17
main_random_8,Random-8,random_connected,0,astnc_l1,ASTNC-L1,main_random_8__astnc_l1__s0,core,ok,7.605737488866245e-15,0.05195370000365074,3.510000169626437e-05,0.051988800005347,14.75752661933017,0.9993248545322843,adaptive,0.0005,0.002,2,16,1.0,81.0,3.0,12.0,21.0,True,75.0,30.0,45.0,0.4,45.0,9.0,1.5749910936649288e-09,,,,,,,,,C:\Users\mrkys\workspace\sketch_tnc\outputs\paper_strengthened\main_random_8__astnc_l1__s0\2026-04-14_16-48-19
main_random_8,Random-8,random_connected,1,astnc_l1,ASTNC-L1,main_random_8__astnc_l1__s1,core,ok,3.535549354709715e-15,0.042928399994707434,3.6399997043190524e-05,0.042964799991750624,6.808471121725232,0.9991527948914151,adaptive,0.0005,0.002,2,16,1.0,27.0,0.0,36.0,27.0,True,135.0,60.0,75.0,0.4444444444444444,75.0,9.0,1.7783001094921215e-09,,,,,,,,,C:\Users\mrkys\workspace\sketch_tnc\outputs\paper_strengthened\main_random_8__astnc_l1__s1\2026-04-14_16-48-20
main_random_8,Random-8,random_connected,2,astnc_l1,ASTNC-L1,main_random_8__astnc_l1__s2,core,ok,1.649431447544102e-14,0.140415199999552,3.539999670465477e-05,0.14045059999625664,7.4971242558801325,0.9997479541012616,adaptive,0.0005,0.002,2,16,1.0,81.0,3.0,12.0,21.0,True,75.0,30.0,45.0,0.4,45.0,9.0,2.0005515920069233e-09,,,,,,,,,C:\Users\mrkys\workspace\sketch_tnc\outputs\paper_strengthened\main_random_8__astnc_l1__s2\2026-04-14_16-48-21
main_random_8,Random-8,random_connected,0,astnc_l2,ASTNC-L2,main_random_8__astnc_l2__s0,core,ok,5.121095894049699e-15,0.059382499995990656,4.489999992074445e-05,0.0594273999959114,12.245573591279156,0.9992444562453838,adaptive,0.001,0.005,2,16,1.0,81.0,3.0,12.0,21.0,True,75.0,30.0,45.0,0.4,45.0,9.0,1.1206331813065365e-09,,,,,,,,,C:\Users\mrkys\workspace\sketch_tnc\outputs\paper_strengthened\main_random_8__astnc_l2__s0\2026-04-14_16-48-23
main_random_8,Random-8,random_connected,1,astnc_l2,ASTNC-L2,main_random_8__astnc_l2__s1,core,ok,3.535549354709715e-15,0.04491809999672114,3.5200006095692515e-05,0.04495330000281683,6.93250106158115,0.9992169650038439,adaptive,0.001,0.005,2,16,1.0,27.0,0.0,36.0,27.0,True,135.0,60.0,75.0,0.4444444444444444,75.0,9.0,1.7783001094921215e-09,,,,,,,,,C:\Users\mrkys\workspace\sketch_tnc\outputs\paper_strengthened\main_random_8__astnc_l2__s1\2026-04-14_16-48-25
main_random_8,Random-8,random_connected,2,astnc_l2,ASTNC-L2,main_random_8__astnc_l2__s2,core,ok,5.4042095256957383e-14,0.14109459999963292,3.77000033040531e-05,0.14113230000293697,7.730701618061076,0.9997328747260336,adaptive,0.001,0.005,2,16,1.0,81.0,3.0,12.0,21.0,True,75.0,30.0,45.0,0.4,45.0,9.0,1.8276934857569075e-09,,,,,,,,,C:\Users\mrkys\workspace\sketch_tnc\outputs\paper_strengthened\main_random_8__astnc_l2__s2\2026-04-14_16-48-26
main_random_8,Random-8,random_connected,0,astnc_l3,ASTNC-L3,main_random_8__astnc_l3__s0,core,ok,0.033680505959750716,0.052105199996731244,3.460000152699649e-05,0.05213979999825824,14.818748825526413,0.999336399400698,adaptive,0.003,0.015,2,16,1.0,79.0,3.0,7.0,26.0,True,75.0,30.0,45.0,0.4,45.0,9.0,0.004028613542359793,,,,,,,,,C:\Users\mrkys\workspace\sketch_tnc\outputs\paper_strengthened\main_random_8__astnc_l3__s0\2026-04-14_16-48-28
main_random_8,Random-8,random_connected,1,astnc_l3,ASTNC-L3,main_random_8__astnc_l3__s1,core,ok,0.004267022271282118,0.04516059999514255,3.419999484322034e-05,0.04519479998998577,6.289964776025404,0.999243275866913,adaptive,0.003,0.015,2,16,1.0,27.0,0.0,35.0,28.0,True,135.0,60.0,75.0,0.4444444444444444,75.0,9.0,0.0002209725567273544,,,,,,,,,C:\Users\mrkys\workspace\sketch_tnc\outputs\paper_strengthened\main_random_8__astnc_l3__s1\2026-04-14_16-48-29
main_random_8,Random-8,random_connected,2,astnc_l3,ASTNC-L3,main_random_8__astnc_l3__s2,core,ok,2.6192238899178282e-14,0.14533259999734582,3.800000558840111e-05,0.14537060000293422,7.3205104743341,0.9997385990937138,adaptive,0.003,0.015,2,16,1.0,81.0,3.0,12.0,21.0,True,75.0,30.0,45.0,0.4,45.0,9.0,1.545512629400582e-09,,,,,,,,,C:\Users\mrkys\workspace\sketch_tnc\outputs\paper_strengthened\main_random_8__astnc_l3__s2\2026-04-14_16-48-30
main_grid2d_3x3,Grid 3x3,grid2d,0,no_blockwise,no-blockwise,main_grid2d_3x3__no_blockwise__s0,mechanism,ok,0.010290543385193172,0.5252731000000495,7.609999738633633e-05,0.5253491999974358,28.94645085601009,0.9998551439720732,adaptive,0.001,0.005,2,16,1.0,223.0,4.0,3.0,5.0,True,17.0,0.0,17.0,0.0,17.0,1.0,0.0013626737869692398,,,,,,,,,C:\Users\mrkys\workspace\sketch_tnc\outputs\paper_strengthened\main_grid2d_3x3__no_blockwise__s0\2026-04-14_16-48-32
main_grid2d_3x3,Grid 3x3,grid2d,0,no_implicit,no-implicit,main_grid2d_3x3__no_implicit__s0,mechanism,ok,0.004461158998039449,1.2046073999954388,0.00012670000796788372,1.2047341000034066,37.43990852407416,0.9998948315574636,adaptive,0.001,0.005,2,16,1.0,64.0,0.0,30.0,36.0,True,141.0,62.0,79.0,0.4397163120567376,79.0,9.0,0.00047029065159067345,,,,,,,,,C:\Users\mrkys\workspace\sketch_tnc\outputs\paper_strengthened\main_grid2d_3x3__no_implicit__s0\2026-04-14_16-48-49
main_grid2d_3x3,Grid 3x3,grid2d,0,no_cache,no-cache,main_grid2d_3x3__no_cache__s0,mechanism,ok,0.004461158998039425,0.7142206999924383,0.00017269999807467684,0.714393399990513,62.79996343825294,0.9997582564465507,adaptive,0.001,0.005,2,16,1.0,64.0,13.0,36.0,36.0,False,0.0,0.0,0.0,0.0,0.0,9.0,0.0004311001222763028,,,,,,,,,C:\Users\mrkys\workspace\sketch_tnc\outputs\paper_strengthened\main_grid2d_3x3__no_cache__s0\2026-04-14_16-49-36
main_grid2d_3x3,Grid 3x3,grid2d,1,no_blockwise,no-blockwise,main_grid2d_3x3__no_blockwise__s1,mechanism,ok,0.011484508528423119,0.5407782000002044,8.420000085607171e-05,0.5408624000010605,29.018060600878822,0.9998443226930626,adaptive,0.001,0.005,2,16,1.0,220.0,4.0,3.0,5.0,True,17.0,0.0,17.0,0.0,17.0,1.0,0.0013669477640096532,,,,,,,,,C:\Users\mrkys\workspace\sketch_tnc\outputs\paper_strengthened\main_grid2d_3x3__no_blockwise__s1\2026-04-14_16-50-22
main_grid2d_3x3,Grid 3x3,grid2d,1,no_implicit,no-implicit,main_grid2d_3x3__no_implicit__s1,mechanism,ok,0.0036330415769231534,1.1718477999966126,0.00018120000095223077,1.1720289999975648,38.12460621712479,0.9998453963153194,adaptive,0.001,0.005,2,16,1.0,64.0,0.0,30.0,36.0,True,141.0,62.0,79.0,0.4397163120567376,79.0,9.0,0.0003575457244169646,,,,,,,,,C:\Users\mrkys\workspace\sketch_tnc\outputs\paper_strengthened\main_grid2d_3x3__no_implicit__s1\2026-04-14_16-50-39
main_grid2d_3x3,Grid 3x3,grid2d,1,no_cache,no-cache,main_grid2d_3x3__no_cache__s1,mechanism,ok,0.0036330415769231217,0.6171933000041463,0.0010968000060529448,0.6182901000101992,73.02161930003494,0.9982260754182656,adaptive,0.001,0.005,2,16,1.0,64.0,14.0,36.0,36.0,False,0.0,0.0,0.0,0.0,0.0,9.0,0.00032775039807894895,,,,,,,,,C:\Users\mrkys\workspace\sketch_tnc\outputs\paper_strengthened\main_grid2d_3x3__no_cache__s1\2026-04-14_16-51-26
main_grid2d_3x3,Grid 3x3,grid2d,2,no_blockwise,no-blockwise,main_grid2d_3x3__no_blockwise__s2,mechanism,ok,0.01014361540944283,0.5133433000009973,7.470000127796084e-05,0.5134180000022752,30.324117775185154,0.9998545045123516,adaptive,0.001,0.005,2,16,1.0,223.0,4.0,3.0,5.0,True,17.0,0.0,17.0,0.0,17.0,1.0,0.0013671071413069796,,,,,,,,,C:\Users\mrkys\workspace\sketch_tnc\outputs\paper_strengthened\main_grid2d_3x3__no_blockwise__s2\2026-04-14_16-52-13
main_grid2d_3x3,Grid 3x3,grid2d,2,no_implicit,no-implicit,main_grid2d_3x3__no_implicit__s2,mechanism,ok,0.004138565325776272,1.160582799999247,0.00017449999722884968,1.160757299996476,39.07775501398953,0.9998496671110926,adaptive,0.001,0.005,2,16,1.0,64.0,0.0,30.0,36.0,True,141.0,62.0,79.0,0.4397163120567376,79.0,9.0,0.0003810070919173025,,,,,,,,,C:\Users\mrkys\workspace\sketch_tnc\outputs\paper_strengthened\main_grid2d_3x3__no_implicit__s2\2026-04-14_16-52-29
main_grid2d_3x3,Grid 3x3,grid2d,2,no_cache,no-cache,main_grid2d_3x3__no_cache__s2,mechanism,ok,0.004138565325776238,0.6367864999992889,0.00022030000400263816,0.6370068000032916,70.3423588251875,0.9996541638095525,adaptive,0.001,0.005,2,16,1.0,64.0,14.0,36.0,36.0,False,0.0,0.0,0.0,0.0,0.0,9.0,0.00034925655567508835,,,,,,,,,C:\Users\mrkys\workspace\sketch_tnc\outputs\paper_strengthened\main_grid2d_3x3__no_cache__s2\2026-04-14_16-53-17
main_grid2d_3x3,Grid 3x3,grid2d,0,pareto_p1,ASTNC-P1,main_grid2d_3x3__pareto_p1__s0,pareto,ok,1.4189276079451786e-14,0.4854919000026712,0.00018649999401532114,0.4856783999966865,90.3539307085026,0.9996160010512797,adaptive,0.00025,0.00125,2,16,1.0,64.0,18.0,30.0,36.0,True,141.0,62.0,79.0,0.4397163120567376,79.0,9.0,3.1475118376258472e-09,,,,P1,0.00025,0.00125,,,C:\Users\mrkys\workspace\sketch_tnc\outputs\paper_strengthened\main_grid2d_3x3__pareto_p1__s0\2026-04-14_16-54-03
main_grid2d_3x3,Grid 3x3,grid2d,1,pareto_p1,ASTNC-P1,main_grid2d_3x3__pareto_p1__s1,pareto,ok,9.261230505797532e-14,0.47475300000223797,0.00022300001000985503,0.4749760000122478,95.11367184605189,0.9995305025706486,adaptive,0.00025,0.00125,2,16,1.0,64.0,18.0,30.0,36.0,True,141.0,62.0,79.0,0.4397163120567376,79.0,9.0,1.9490445192296397e-09,,,,P1,0.00025,0.00125,,,C:\Users\mrkys\workspace\sketch_tnc\outputs\paper_strengthened\main_grid2d_3x3__pareto_p1__s1\2026-04-14_16-54-48
main_grid2d_3x3,Grid 3x3,grid2d,2,pareto_p1,ASTNC-P1,main_grid2d_3x3__pareto_p1__s2,pareto,ok,9.210924307053332e-14,0.3408478000019386,0.0001396000043314416,0.34098740000627004,119.4183239589877,0.9995906006927867,adaptive,0.00025,0.00125,2,16,1.0,64.0,18.0,30.0,36.0,True,141.0,62.0,79.0,0.4397163120567376,79.0,9.0,4.496021624922495e-09,,,,P1,0.00025,0.00125,,,C:\Users\mrkys\workspace\sketch_tnc\outputs\paper_strengthened\main_grid2d_3x3__pareto_p1__s2\2026-04-14_16-55-35
main_grid2d_3x3,Grid 3x3,grid2d,0,pareto_p2,ASTNC-P2,main_grid2d_3x3__pareto_p2__s0,pareto,ok,8.184189111180028e-14,0.27081810000163387,0.00013019999823882245,0.2709482999998727,117.81665173726998,0.9995194655244621,adaptive,0.0005,0.0025,2,16,1.0,64.0,18.0,30.0,36.0,True,141.0,62.0,79.0,0.4397163120567376,79.0,9.0,2.9337684234533557e-09,,,,P2,0.0005,0.0025,,,C:\Users\mrkys\workspace\sketch_tnc\outputs\paper_strengthened\main_grid2d_3x3__pareto_p2__s0\2026-04-14_16-56-17
main_grid2d_3x3,Grid 3x3,grid2d,1,pareto_p2,ASTNC-P2,main_grid2d_3x3__pareto_p2__s1,pareto,ok,1.40033187701546e-14,0.44871869999406044,0.00012370000331429765,0.44884239999737474,84.50965305449087,0.9997244021413424,adaptive,0.0005,0.0025,2,16,1.0,64.0,18.0,30.0,36.0,True,141.0,62.0,79.0,0.4397163120567376,79.0,9.0,3.2361490584684017e-09,,,,P2,0.0005,0.0025,,,C:\Users\mrkys\workspace\sketch_tnc\outputs\paper_strengthened\main_grid2d_3x3__pareto_p2__s1\2026-04-14_16-56-50
main_grid2d_3x3,Grid 3x3,grid2d,2,pareto_p2,ASTNC-P2,main_grid2d_3x3__pareto_p2__s2,pareto,ok,1.5434240630143934e-14,0.4095935000113968,0.0001869000006990973,0.4097804000120959,99.4744294717225,0.9995439020468204,adaptive,0.0005,0.0025,2,16,1.0,64.0,18.0,30.0,36.0,True,141.0,62.0,79.0,0.4397163120567376,79.0,9.0,4.321109065631822e-09,,,,P2,0.0005,0.0025,,,C:\Users\mrkys\workspace\sketch_tnc\outputs\paper_strengthened\main_grid2d_3x3__pareto_p2__s2\2026-04-14_16-57-29
main_grid2d_3x3,Grid 3x3,grid2d,0,pareto_p3,ASTNC-P3,main_grid2d_3x3__pareto_p3__s0,pareto,ok,0.0031711267789347663,0.49746389999927487,0.00015249999705702066,0.4976163999963319,81.21831957350916,0.9996935390432111,adaptive,0.00075,0.00375,2,16,1.0,64.0,16.0,30.0,36.0,True,141.0,62.0,79.0,0.4397163120567376,79.0,9.0,0.00013446028893889162,,,,P3,0.00075,0.00375,,,C:\Users\mrkys\workspace\sketch_tnc\outputs\paper_strengthened\main_grid2d_3x3__pareto_p3__s0\2026-04-14_16-58-11
main_grid2d_3x3,Grid 3x3,grid2d,1,pareto_p3,ASTNC-P3,main_grid2d_3x3__pareto_p3__s1,pareto,ok,1.676205436192543e-14,0.4016789000015706,0.0001770999951986596,0.40185599999676924,98.91992056909925,0.999559294881252,adaptive,0.00075,0.00375,2,16,1.0,64.0,18.0,30.0,36.0,True,141.0,62.0,79.0,0.4397163120567376,79.0,9.0,2.2794374129330588e-09,,,,P3,0.00075,0.00375,,,C:\Users\mrkys\workspace\sketch_tnc\outputs\paper_strengthened\main_grid2d_3x3__pareto_p3__s1\2026-04-14_16-58-53
main_grid2d_3x3,Grid 3x3,grid2d,2,pareto_p3,ASTNC-P3,main_grid2d_3x3__pareto_p3__s2,pareto,ok,0.0009056230748838386,0.46165889999247156,0.00011489999815239571,0.46177379999062396,84.47460726595618,0.9997511768767425,adaptive,0.00075,0.00375,2,16,1.0,64.0,17.0,30.0,36.0,True,141.0,62.0,79.0,0.4397163120567376,79.0,9.0,5.6902987119683145e-05,,,,P3,0.00075,0.00375,,,C:\Users\mrkys\workspace\sketch_tnc\outputs\paper_strengthened\main_grid2d_3x3__pareto_p3__s2\2026-04-14_16-59-36
main_grid2d_3x3,Grid 3x3,grid2d,0,pareto_p4,ASTNC-P4,main_grid2d_3x3__pareto_p4__s0,pareto,ok,0.004461158998039425,0.48761869999725604,0.00019610000526881777,0.48781480000252486,80.15498996691706,0.9995980031637676,adaptive,0.001,0.005,2,16,1.0,64.0,13.0,30.0,36.0,True,141.0,62.0,79.0,0.4397163120567376,79.0,9.0,0.00047029104248323943,,,,P4,0.001,0.005,,,C:\Users\mrkys\workspace\sketch_tnc\outputs\paper_strengthened\main_grid2d_3x3__pareto_p4__s0\2026-04-14_17-00-17
main_grid2d_3x3,Grid 3x3,grid2d,1,pareto_p4,ASTNC-P4,main_grid2d_3x3__pareto_p4__s1,pareto,ok,0.0036330415769231217,0.5182012999975996,0.00018030000865110196,0.5183816000062507,75.77776410168708,0.9996521867102371,adaptive,0.001,0.005,2,16,1.0,64.0,14.0,30.0,36.0,True,141.0,62.0,79.0,0.4397163120567376,79.0,9.0,0.0003575458888133989,,,,P4,0.001,0.005,,,C:\Users\mrkys\workspace\sketch_tnc\outputs\paper_strengthened\main_grid2d_3x3__pareto_p4__s1\2026-04-14_17-00-57
main_grid2d_3x3,Grid 3x3,grid2d,2,pareto_p4,ASTNC-P4,main_grid2d_3x3__pareto_p4__s2,pareto,ok,0.004138565325776238,0.4671498000025167,0.00016839999807416461,0.4673182000005909,83.82926365776466,0.9996396459648403,adaptive,0.001,0.005,2,16,1.0,64.0,14.0,30.0,36.0,True,141.0,62.0,79.0,0.4397163120567376,79.0,9.0,0.0003810071516455509,,,,P4,0.001,0.005,,,C:\Users\mrkys\workspace\sketch_tnc\outputs\paper_strengthened\main_grid2d_3x3__pareto_p4__s2\2026-04-14_17-01-37
main_grid2d_3x3,Grid 3x3,grid2d,0,pareto_p5,ASTNC-P5,main_grid2d_3x3__pareto_p5__s0,pareto,ok,0.010928967423769288,0.5785379000044486,0.00022159999934956431,0.5787595000037982,67.23744646902209,0.9996171121159174,adaptive,0.002,0.01,2,16,1.0,64.0,9.0,30.0,36.0,True,141.0,62.0,79.0,0.4397163120567376,79.0,9.0,0.0015824609295275625,,,,P5,0.002,0.01,,,C:\Users\mrkys\workspace\sketch_tnc\outputs\paper_strengthened\main_grid2d_3x3__pareto_p5__s0\2026-04-14_17-02-18
main_grid2d_3x3,Grid 3x3,grid2d,1,pareto_p5,ASTNC-P5,main_grid2d_3x3__pareto_p5__s1,pareto,ok,0.009741414193565508,0.6332350000047882,0.00012340000102994964,0.6333584000058181,76.59573536795861,0.9998051656028741,adaptive,0.002,0.01,2,16,1.0,64.0,9.0,30.0,36.0,True,141.0,62.0,79.0,0.4397163120567376,79.0,9.0,0.001526513231369111,,,,P5,0.002,0.01,,,C:\Users\mrkys\workspace\sketch_tnc\outputs\paper_strengthened\main_grid2d_3x3__pareto_p5__s1\2026-04-14_17-02-58
main_grid2d_3x3,Grid 3x3,grid2d,2,pareto_p5,ASTNC-P5,main_grid2d_3x3__pareto_p5__s2,pareto,ok,0.010706408830466701,0.7069276000001992,0.0001708999916445464,0.7070984999918437,61.60877402574075,0.9997583080820476,adaptive,0.002,0.01,2,16,1.0,64.0,9.0,30.0,36.0,True,141.0,62.0,79.0,0.4397163120567376,79.0,9.0,0.0015002272686003796,,,,P5,0.002,0.01,,,C:\Users\mrkys\workspace\sketch_tnc\outputs\paper_strengthened\main_grid2d_3x3__pareto_p5__s2\2026-04-14_17-03-48
main_grid2d_3x3,Grid 3x3,grid2d,0,pareto_p6,ASTNC-P6,main_grid2d_3x3__pareto_p6__s0,pareto,ok,0.01741521740166041,0.50905960000091,0.00015369999164249748,0.5092132999925525,79.04000170559505,0.9996981618652843,adaptive,0.003,0.015,2,16,1.0,64.0,9.0,30.0,36.0,True,141.0,62.0,79.0,0.4397163120567376,79.0,9.0,0.002463308763360486,,,,P6,0.003,0.015,,,C:\Users\mrkys\workspace\sketch_tnc\outputs\paper_strengthened\main_grid2d_3x3__pareto_p6__s0\2026-04-14_17-04-33
main_grid2d_3x3,Grid 3x3,grid2d,1,pareto_p6,ASTNC-P6,main_grid2d_3x3__pareto_p6__s1,pareto,ok,0.018703417210727272,0.6397346000012476,0.000195100004930282,0.6399297000061779,60.61481550170545,0.9996951227518772,adaptive,0.003,0.015,2,16,1.0,64.0,6.0,30.0,36.0,True,141.0,62.0,79.0,0.4397163120567376,79.0,9.0,0.0029884905108331617,,,,P6,0.003,0.015,,,C:\Users\mrkys\workspace\sketch_tnc\outputs\paper_strengthened\main_grid2d_3x3__pareto_p6__s1\2026-04-14_17-05-15
main_grid2d_3x3,Grid 3x3,grid2d,2,pareto_p6,ASTNC-P6,main_grid2d_3x3__pareto_p6__s2,pareto,ok,0.018033436202702455,0.627509599988116,0.00022519999765791,0.6277347999857739,62.37243450709778,0.9996412497783098,adaptive,0.003,0.015,2,16,1.0,64.0,9.0,30.0,36.0,True,141.0,62.0,79.0,0.4397163120567376,79.0,9.0,0.0024868680164840708,,,,P6,0.003,0.015,,,C:\Users\mrkys\workspace\sketch_tnc\outputs\paper_strengthened\main_grid2d_3x3__pareto_p6__s2\2026-04-14_17-05-55
main_grid2d_3x3,Grid 3x3,grid2d,0,pareto_p7,ASTNC-P7,main_grid2d_3x3__pareto_p7__s0,pareto,ok,0.037345227281871625,0.5526838000041607,0.0001582000040798448,0.5528420000082406,69.85290444531076,0.9997138422821038,adaptive,0.0045,0.0225,2,16,1.0,64.0,8.0,29.0,37.0,True,141.0,62.0,79.0,0.4397163120567376,79.0,9.0,0.004828838944854707,,,,P7,0.0045,0.0225,,,C:\Users\mrkys\workspace\sketch_tnc\outputs\paper_strengthened\main_grid2d_3x3__pareto_p7__s0\2026-04-14_17-06-36
main_grid2d_3x3,Grid 3x3,grid2d,1,pareto_p7,ASTNC-P7,main_grid2d_3x3__pareto_p7__s1,pareto,ok,0.03200202775185892,0.8826310000004014,0.0001714000063657295,0.8828024000067671,43.85415479121728,0.9998058455580046,adaptive,0.0045,0.0225,2,16,1.0,63.0,0.0,30.0,36.0,True,141.0,62.0,79.0,0.4397163120567376,79.0,9.0,0.006036682930440666,,,,P7,0.0045,0.0225,,,C:\Users\mrkys\workspace\sketch_tnc\outputs\paper_strengthened\main_grid2d_3x3__pareto_p7__s1\2026-04-14_17-07-16
main_grid2d_3x3,Grid 3x3,grid2d,2,pareto_p7,ASTNC-P7,main_grid2d_3x3__pareto_p7__s2,pareto,ok,0.02784862525055993,0.37222140000085346,0.00012689999857684597,0.3723482999994303,110.21465869444471,0.999659190065923,adaptive,0.0045,0.0225,2,16,1.0,64.0,9.0,30.0,36.0,True,141.0,62.0,79.0,0.4397163120567376,79.0,9.0,0.004008620838477913,,,,P7,0.0045,0.0225,,,C:\Users\mrkys\workspace\sketch_tnc\outputs\paper_strengthened\main_grid2d_3x3__pareto_p7__s2\2026-04-14_17-07-56
main_random_8,Random-8,random_connected,0,pareto_p1,ASTNC-P1,main_random_8__pareto_p1__s0,pareto,ok,5.091005368237227e-15,0.07002139999895007,4.439999975147657e-05,0.07006579999870155,17.167058679271186,0.9993663099436291,adaptive,0.00025,0.00125,2,16,1.0,81.0,3.0,12.0,21.0,True,75.0,30.0,45.0,0.4,45.0,9.0,7.371196252632226e-10,,,,P1,0.00025,0.00125,,,C:\Users\mrkys\workspace\sketch_tnc\outputs\paper_strengthened\main_random_8__pareto_p1__s0\2026-04-14_17-08-39
main_random_8,Random-8,random_connected,1,pareto_p1,ASTNC-P1,main_random_8__pareto_p1__s1,pareto,ok,3.535549354709715e-15,0.051599999991594814,3.939999805879779e-05,0.05163939998965361,8.659802400470898,0.9992370167146418,adaptive,0.00025,0.00125,2,16,1.0,27.0,0.0,36.0,27.0,True,135.0,60.0,75.0,0.4444444444444444,75.0,9.0,1.7783001094921215e-09,,,,P1,0.00025,0.00125,,,C:\Users\mrkys\workspace\sketch_tnc\outputs\paper_strengthened\main_random_8__pareto_p1__s1\2026-04-14_17-08-41
main_random_8,Random-8,random_connected,2,pareto_p1,ASTNC-P1,main_random_8__pareto_p1__s2,pareto,ok,9.513435360601163e-15,0.15325940000911942,3.799999103648588e-05,0.1532974000001559,8.208111161567196,0.9997521158738752,adaptive,0.00025,0.00125,2,16,1.0,81.0,3.0,12.0,21.0,True,75.0,30.0,45.0,0.4,45.0,9.0,8.090929550327273e-10,,,,P1,0.00025,0.00125,,,C:\Users\mrkys\workspace\sketch_tnc\outputs\paper_strengthened\main_random_8__pareto_p1__s2\2026-04-14_17-08-43
main_random_8,Random-8,random_connected,0,pareto_p2,ASTNC-P2,main_random_8__pareto_p2__s0,pareto,ok,6.957102042835695e-15,0.055381799989845604,3.4400003642076626e-05,0.05541619999348768,15.349437530633452,0.9993792428090432,adaptive,0.0005,0.0025,2,16,1.0,81.0,3.0,12.0,21.0,True,75.0,30.0,45.0,0.4,45.0,9.0,1.825889981399344e-09,,,,P2,0.0005,0.0025,,,C:\Users\mrkys\workspace\sketch_tnc\outputs\paper_strengthened\main_random_8__pareto_p2__s0\2026-04-14_17-08-45
main_random_8,Random-8,random_connected,1,pareto_p2,ASTNC-P2,main_random_8__pareto_p2__s1,pareto,ok,3.535549354709715e-15,0.0498176000037347,3.859999924316071e-05,0.04985620000297786,6.493958624588965,0.9992257733192647,adaptive,0.0005,0.0025,2,16,1.0,27.0,0.0,36.0,27.0,True,135.0,60.0,75.0,0.4444444444444444,75.0,9.0,1.7783001094921215e-09,,,,P2,0.0005,0.0025,,,C:\Users\mrkys\workspace\sketch_tnc\outputs\paper_strengthened\main_random_8__pareto_p2__s1\2026-04-14_17-08-47
main_random_8,Random-8,random_connected,2,pareto_p2,ASTNC-P2,main_random_8__pareto_p2__s2,pareto,ok,3.3832623967968575e-14,0.1536926000044332,3.730000025825575e-05,0.15372990000469144,8.195179987417944,0.9997573666459363,adaptive,0.0005,0.0025,2,16,1.0,81.0,3.0,12.0,21.0,True,75.0,30.0,45.0,0.4,45.0,9.0,1.1284591383519493e-09,,,,P2,0.0005,0.0025,,,C:\Users\mrkys\workspace\sketch_tnc\outputs\paper_strengthened\main_random_8__pareto_p2__s2\2026-04-14_17-08-48
main_random_8,Random-8,random_connected,0,pareto_p3,ASTNC-P3,main_random_8__pareto_p3__s0,pareto,ok,1.875268942688194e-14,0.05790029999843682,3.529999594320543e-05,0.05793559999438003,14.528485077740193,0.9993907028330419,adaptive,0.00075,0.00375,2,16,1.0,81.0,3.0,12.0,21.0,True,75.0,30.0,45.0,0.4,45.0,9.0,1.6047994700033375e-09,,,,P3,0.00075,0.00375,,,C:\Users\mrkys\workspace\sketch_tnc\outputs\paper_strengthened\main_random_8__pareto_p3__s0\2026-04-14_17-08-50
main_random_8,Random-8,random_connected,1,pareto_p3,ASTNC-P3,main_random_8__pareto_p3__s1,pareto,ok,3.535549354709715e-15,0.047754100007296074,3.4100001357728615e-05,0.0477882000086538,6.766042661994996,0.9992864346773714,adaptive,0.00075,0.00375,2,16,1.0,27.0,0.0,36.0,27.0,True,135.0,60.0,75.0,0.4444444444444444,75.0,9.0,1.7783001094921215e-09,,,,P3,0.00075,0.00375,,,C:\Users\mrkys\workspace\sketch_tnc\outputs\paper_strengthened\main_random_8__pareto_p3__s1\2026-04-14_17-08-52
main_random_8,Random-8,random_connected,2,pareto_p3,ASTNC-P3,main_random_8__pareto_p3__s2,pareto,ok,1.1862748344109833e-14,0.15122750000227825,3.80000019504223e-05,0.15126550000422867,8.044136964183354,0.9997487860553192,adaptive,0.00075,0.00375,2,16,1.0,81.0,3.0,12.0,21.0,True,75.0,30.0,45.0,0.4,45.0,9.0,1.8276934857569075e-09,,,,P3,0.00075,0.00375,,,C:\Users\mrkys\workspace\sketch_tnc\outputs\paper_strengthened\main_random_8__pareto_p3__s2\2026-04-14_17-08-54
main_random_8,Random-8,random_connected,0,pareto_p4,ASTNC-P4,main_random_8__pareto_p4__s0,pareto,ok,5.121095894049699e-15,0.05550019999645883,3.739999738172628e-05,0.05553759999384056,14.775879765720784,0.9993265823804918,adaptive,0.001,0.005,2,16,1.0,81.0,3.0,12.0,21.0,True,75.0,30.0,45.0,0.4,45.0,9.0,1.1206331813065365e-09,,,,P4,0.001,0.005,,,C:\Users\mrkys\workspace\sketch_tnc\outputs\paper_strengthened\main_random_8__pareto_p4__s0\2026-04-14_17-08-56
main_random_8,Random-8,random_connected,1,pareto_p4,ASTNC-P4,main_random_8__pareto_p4__s1,pareto,ok,3.535549354709715e-15,0.04810440000073868,3.660000584204681e-05,0.048141000006580725,6.648519971525969,0.9992397331414744,adaptive,0.001,0.005,2,16,1.0,27.0,0.0,36.0,27.0,True,135.0,60.0,75.0,0.4444444444444444,75.0,9.0,1.7783001094921215e-09,,,,P4,0.001,0.005,,,C:\Users\mrkys\workspace\sketch_tnc\outputs\paper_strengthened\main_random_8__pareto_p4__s1\2026-04-14_17-08-58
main_random_8,Random-8,random_connected,2,pareto_p4,ASTNC-P4,main_random_8__pareto_p4__s2,pareto,ok,5.4042095256957383e-14,0.1503850999979477,4.0000002627493814e-05,0.15042510000057518,8.272912565757151,0.9997340869068587,adaptive,0.001,0.005,2,16,1.0,81.0,3.0,12.0,21.0,True,75.0,30.0,45.0,0.4,45.0,9.0,1.8276934857569075e-09,,,,P4,0.001,0.005,,,C:\Users\mrkys\workspace\sketch_tnc\outputs\paper_strengthened\main_random_8__pareto_p4__s2\2026-04-14_17-08-59
main_random_8,Random-8,random_connected,0,pareto_p5,ASTNC-P5,main_random_8__pareto_p5__s0,pareto,ok,0.019505413463172735,0.05582059999505873,3.329999162815511e-05,0.055853899986686883,14.597122137769501,0.9994038018359417,adaptive,0.002,0.01,2,16,1.0,80.0,3.0,9.0,24.0,True,75.0,30.0,45.0,0.4,45.0,9.0,0.0012622193738385877,,,,P5,0.002,0.01,,,C:\Users\mrkys\workspace\sketch_tnc\outputs\paper_strengthened\main_random_8__pareto_p5__s0\2026-04-14_17-09-01
main_random_8,Random-8,random_connected,1,pareto_p5,ASTNC-P5,main_random_8__pareto_p5__s1,pareto,ok,0.004267022271282118,0.046573600000556326,3.779999678954482e-05,0.04661139999734587,6.601844184173945,0.9991890396385673,adaptive,0.002,0.01,2,16,1.0,27.0,0.0,35.0,28.0,True,135.0,60.0,75.0,0.4444444444444444,75.0,9.0,0.0002209725567273544,,,,P5,0.002,0.01,,,C:\Users\mrkys\workspace\sketch_tnc\outputs\paper_strengthened\main_random_8__pareto_p5__s1\2026-04-14_17-09-03
main_random_8,Random-8,random_connected,2,pareto_p5,ASTNC-P5,main_random_8__pareto_p5__s2,pareto,ok,1.006006988018978e-14,0.1478934999977355,3.919999653589912e-05,0.1479326999942714,8.335335595410601,0.9997350146550616,adaptive,0.002,0.01,2,16,1.0,81.0,3.0,12.0,21.0,True,75.0,30.0,45.0,0.4,45.0,9.0,1.226409339507645e-09,,,,P5,0.002,0.01,,,C:\Users\mrkys\workspace\sketch_tnc\outputs\paper_strengthened\main_random_8__pareto_p5__s2\2026-04-14_17-09-04
main_random_8,Random-8,random_connected,0,pareto_p6,ASTNC-P6,main_random_8__pareto_p6__s0,pareto,ok,0.033680505959750716,0.0535438000006252,4.5800003135809675e-05,0.053589600003761007,15.296253376370718,0.9991453564846213,adaptive,0.003,0.015,2,16,1.0,79.0,3.0,7.0,26.0,True,75.0,30.0,45.0,0.4,45.0,9.0,0.004028613542359793,,,,P6,0.003,0.015,,,C:\Users\mrkys\workspace\sketch_tnc\outputs\paper_strengthened\main_random_8__pareto_p6__s0\2026-04-14_17-09-06
main_random_8,Random-8,random_connected,1,pareto_p6,ASTNC-P6,main_random_8__pareto_p6__s1,pareto,ok,0.004267022271282118,0.04738300000826712,3.560000186553225e-05,0.04741860001013265,6.719825130194619,0.9992492396895486,adaptive,0.003,0.015,2,16,1.0,27.0,0.0,35.0,28.0,True,135.0,60.0,75.0,0.4444444444444444,75.0,9.0,0.0002209725567273544,,,,P6,0.003,0.015,,,C:\Users\mrkys\workspace\sketch_tnc\outputs\paper_strengthened\main_random_8__pareto_p6__s1\2026-04-14_17-09-08
main_random_8,Random-8,random_connected,2,pareto_p6,ASTNC-P6,main_random_8__pareto_p6__s2,pareto,ok,2.6192238899178282e-14,0.15287950000492856,4.2199997551506385e-05,0.15292170000248007,8.30494821841754,0.9997240417903375,adaptive,0.003,0.015,2,16,1.0,81.0,3.0,12.0,21.0,True,75.0,30.0,45.0,0.4,45.0,9.0,1.545512629400582e-09,,,,P6,0.003,0.015,,,C:\Users\mrkys\workspace\sketch_tnc\outputs\paper_strengthened\main_random_8__pareto_p6__s2\2026-04-14_17-09-09
main_random_8,Random-8,random_connected,0,pareto_p7,ASTNC-P7,main_random_8__pareto_p7__s0,pareto,ok,0.08150606297170504,0.052101000012044096,3.640000068116933e-05,0.052137400012725266,15.9832500236803,0.9993018447089501,adaptive,0.0045,0.0225,2,16,1.0,76.0,3.0,5.0,28.0,True,75.0,30.0,45.0,0.4,45.0,9.0,0.009181315229381004,,,,P7,0.0045,0.0225,,,C:\Users\mrkys\workspace\sketch_tnc\outputs\paper_strengthened\main_random_8__pareto_p7__s0\2026-04-14_17-09-12
main_random_8,Random-8,random_connected,1,pareto_p7,ASTNC-P7,main_random_8__pareto_p7__s1,pareto,ok,0.032291824427392445,0.04831269999704091,3.610000931075774e-05,0.048348800006351667,6.666345389110577,0.9992533421655705,adaptive,0.0045,0.0225,2,16,1.0,27.0,0.0,31.0,32.0,True,135.0,60.0,75.0,0.4444444444444444,75.0,9.0,0.002562454138115014,,,,P7,0.0045,0.0225,,,C:\Users\mrkys\workspace\sketch_tnc\outputs\paper_strengthened\main_random_8__pareto_p7__s1\2026-04-14_17-09-14
main_random_8,Random-8,random_connected,2,pareto_p7,ASTNC-P7,main_random_8__pareto_p7__s2,pareto,ok,1.5568757538328028e-14,0.1521997999989253,3.7000001611886546e-05,0.1522368000005372,8.201635215563428,0.9997569575647182,adaptive,0.0045,0.0225,2,16,1.0,81.0,3.0,12.0,21.0,True,75.0,30.0,45.0,0.4,45.0,9.0,1.963535557010239e-09,,,,P7,0.0045,0.0225,,,C:\Users\mrkys\workspace\sketch_tnc\outputs\paper_strengthened\main_random_8__pareto_p7__s2\2026-04-14_17-09-15
main_grid2d_3x3,Grid 3x3,grid2d,0,astnc_l2,ASTNC-L2,main_grid2d_3x3__block_block_disabled__s0,blockwise,ok,0.010290543385193172,1.3319535000009637,7.140000161598437e-05,1.3320249000025797,29.227343873147568,0.9999463973964632,adaptive,0.001,0.005,2,16,1.0,223.0,4.0,3.0,5.0,True,17.0,0.0,17.0,0.0,17.0,1.0,0.0013626737869692398,False,0,0,,,,,,C:\Users\mrkys\workspace\sketch_tnc\outputs\paper_strengthened\main_grid2d_3x3__block_block_disabled__s0\2026-04-14_17-09-17
main_grid2d_3x3,Grid 3x3,grid2d,1,astnc_l2,ASTNC-L2,main_grid2d_3x3__block_block_disabled__s1,blockwise,ok,0.011484508528423119,0.47733420000076876,7.380000170087442e-05,0.47740800000246963,51.05729795022977,0.9998454152366523,adaptive,0.001,0.005,2,16,1.0,220.0,4.0,3.0,5.0,True,17.0,0.0,17.0,0.0,17.0,1.0,0.0013669477640096532,False,0,0,,,,,,C:\Users\mrkys\workspace\sketch_tnc\outputs\paper_strengthened\main_grid2d_3x3__block_block_disabled__s1\2026-04-14_17-09-59
main_grid2d_3x3,Grid 3x3,grid2d,2,astnc_l2,ASTNC-L2,main_grid2d_3x3__block_block_disabled__s2,blockwise,ok,0.01014361540944283,0.5054108000003907,7.630000254721381e-05,0.505487100002938,28.285904427418277,0.9998490564773135,adaptive,0.001,0.005,2,16,1.0,223.0,4.0,3.0,5.0,True,17.0,0.0,17.0,0.0,17.0,1.0,0.0013671071413069796,False,0,0,,,,,,C:\Users\mrkys\workspace\sketch_tnc\outputs\paper_strengthened\main_grid2d_3x3__block_block_disabled__s2\2026-04-14_17-10-24
main_grid2d_3x3,Grid 3x3,grid2d,0,astnc_l2,ASTNC-L2,main_grid2d_3x3__block_b1_c1__s0,blockwise,ok,9.839437863184022e-15,0.4870420000006561,9.079999654204585e-05,0.48713279999719816,62.72999334085483,0.999813603194976,adaptive,0.001,0.005,2,16,1.0,81.0,9.0,12.0,12.0,True,51.0,16.0,35.0,0.3137254901960784,35.0,3.0,2.7888871311862296e-09,True,1,1,,,,,,C:\Users\mrkys\workspace\sketch_tnc\outputs\paper_strengthened\main_grid2d_3x3__block_b1_c1__s0\2026-04-14_17-10-40
main_grid2d_3x3,Grid 3x3,grid2d,1,astnc_l2,ASTNC-L2,main_grid2d_3x3__block_b1_c1__s1,blockwise,ok,5.931709881420245e-13,0.4600153000028513,8.539999907952733e-05,0.4601007000019308,69.13257163009256,0.9998143884587027,adaptive,0.001,0.005,2,16,1.0,81.0,9.0,12.0,12.0,True,51.0,16.0,35.0,0.3137254901960784,35.0,3.0,3.2118673268055715e-09,True,1,1,,,,,,C:\Users\mrkys\workspace\sketch_tnc\outputs\paper_strengthened\main_grid2d_3x3__block_b1_c1__s1\2026-04-14_17-11-12
main_grid2d_3x3,Grid 3x3,grid2d,2,astnc_l2,ASTNC-L2,main_grid2d_3x3__block_b1_c1__s2,blockwise,ok,1.498304962841364e-14,6.107898099999147,0.005734999998821877,6.113633099997969,21.880357736878203,0.9990619325847633,adaptive,0.001,0.005,2,16,1.0,81.0,9.0,12.0,12.0,True,51.0,16.0,35.0,0.3137254901960784,35.0,3.0,4.394111399721933e-09,True,1,1,,,,,,C:\Users\mrkys\workspace\sketch_tnc\outputs\paper_strengthened\main_grid2d_3x3__block_b1_c1__s2\2026-04-14_17-11-45
main_grid2d_3x3,Grid 3x3,grid2d,0,astnc_l2,ASTNC-L2,main_grid2d_3x3__block_b1_c2__s0,blockwise,ok,0.006611178565334425,1.1183706000010716,0.00015100000018719584,1.1185216000012588,25.899161178418776,0.9998650003708583,adaptive,0.001,0.005,2,16,1.0,160.0,6.0,7.0,9.0,True,34.0,8.0,26.0,0.23529411764705882,26.0,2.0,0.0006846007380254245,True,1,2,,,,,,C:\Users\mrkys\workspace\sketch_tnc\outputs\paper_strengthened\main_grid2d_3x3__block_b1_c2__s0\2026-04-14_17-14-08
main_grid2d_3x3,Grid 3x3,grid2d,1,astnc_l2,ASTNC-L2,main_grid2d_3x3__block_b1_c2__s1,blockwise,ok,0.009586943276855003,0.5109647999961453,8.449999950244091e-05,0.5110492999956477,142.10621206305157,0.9998346539159667,adaptive,0.001,0.005,2,16,1.0,159.0,6.0,7.0,9.0,True,34.0,8.0,26.0,0.23529411764705882,26.0,2.0,0.0006212591013449067,True,1,2,,,,,,C:\Users\mrkys\workspace\sketch_tnc\outputs\paper_strengthened\main_grid2d_3x3__block_b1_c2__s1\2026-04-14_17-14-40
main_grid2d_3x3,Grid 3x3,grid2d,2,astnc_l2,ASTNC-L2,main_grid2d_3x3__block_b1_c2__s2,blockwise,ok,0.007379652681178154,0.7211111999968125,0.00013079999916953966,0.721241999995982,49.70875378880917,0.9998186461684565,adaptive,0.001,0.005,2,16,1.0,160.0,6.0,7.0,9.0,True,34.0,8.0,26.0,0.23529411764705882,26.0,2.0,0.0006542146787776178,True,1,2,,,,,,C:\Users\mrkys\workspace\sketch_tnc\outputs\paper_strengthened\main_grid2d_3x3__block_b1_c2__s2\2026-04-14_17-15-55
main_grid2d_3x3,Grid 3x3,grid2d,0,astnc_l2,ASTNC-L2,main_grid2d_3x3__block_b1_c3__s0,blockwise,ok,0.010290543385194188,0.8115355000009004,8.010000237845816e-05,0.8116156000032788,30.61391956964545,0.9999013079549259,adaptive,0.001,0.005,2,16,1.0,223.0,4.0,3.0,5.0,True,17.0,0.0,17.0,0.0,17.0,1.0,0.0013626745267364525,True,1,3,,,,,,C:\Users\mrkys\workspace\sketch_tnc\outputs\paper_strengthened\main_grid2d_3x3__block_b1_c3__s0\2026-04-14_17-16-32
main_grid2d_3x3,Grid 3x3,grid2d,1,astnc_l2,ASTNC-L2,main_grid2d_3x3__block_b1_c3__s1,blockwise,ok,0.011484508528423094,0.8311107000008633,8.199999865610152e-05,0.8311926999995194,26.61608373122745,0.9999013465834625,adaptive,0.001,0.005,2,16,1.0,220.0,4.0,3.0,5.0,True,17.0,0.0,17.0,0.0,17.0,1.0,0.0013669485156908516,True,1,3,,,,,,C:\Users\mrkys\workspace\sketch_tnc\outputs\paper_strengthened\main_grid2d_3x3__block_b1_c3__s1\2026-04-14_17-16-59
main_grid2d_3x3,Grid 3x3,grid2d,2,astnc_l2,ASTNC-L2,main_grid2d_3x3__block_b1_c3__s2,blockwise,ok,0.010143615409442893,0.8943440000002738,7.32000007701572e-05,0.894417200001044,24.70893359379603,0.9999181589958579,adaptive,0.001,0.005,2,16,1.0,223.0,4.0,3.0,5.0,True,17.0,0.0,17.0,0.0,17.0,1.0,0.0013671072176626147,True,1,3,,,,,,C:\Users\mrkys\workspace\sketch_tnc\outputs\paper_strengthened\main_grid2d_3x3__block_b1_c3__s2\2026-04-14_17-17-23
main_grid2d_3x3,Grid 3x3,grid2d,0,astnc_l2,ASTNC-L2,main_grid2d_3x3__block_b2_c1__s0,blockwise,ok,0.004461158998039425,0.6092627999969409,0.00016200000027311035,0.609424799997214,101.22687885391431,0.9997341755680544,adaptive,0.001,0.005,2,16,1.0,64.0,13.0,30.0,36.0,True,141.0,62.0,79.0,0.4397163120567376,79.0,9.0,0.00047029104248323943,True,2,1,,,,,,C:\Users\mrkys\workspace\sketch_tnc\outputs\paper_strengthened\main_grid2d_3x3__block_b2_c1__s0\2026-04-14_17-17-47
main_grid2d_3x3,Grid 3x3,grid2d,1,astnc_l2,ASTNC-L2,main_grid2d_3x3__block_b2_c1__s1,blockwise,ok,0.0036330415769231217,0.48685710000791005,0.00016619999951217324,0.4870233000074222,100.02739211689364,0.9996587432254077,adaptive,0.001,0.005,2,16,1.0,64.0,14.0,30.0,36.0,True,141.0,62.0,79.0,0.4397163120567376,79.0,9.0,0.0003575458888133989,True,2,1,,,,,,C:\Users\mrkys\workspace\sketch_tnc\outputs\paper_strengthened\main_grid2d_3x3__block_b2_c1__s1\2026-04-14_17-18-50
main_grid2d_3x3,Grid 3x3,grid2d,2,astnc_l2,ASTNC-L2,main_grid2d_3x3__block_b2_c1__s2,blockwise,ok,0.004138565325776238,0.5975268000001961,0.0002272000019729603,0.597754000002169,81.85995426168785,0.9996199105267857,adaptive,0.001,0.005,2,16,1.0,64.0,14.0,30.0,36.0,True,141.0,62.0,79.0,0.4397163120567376,79.0,9.0,0.0003810071516455509,True,2,1,,,,,,C:\Users\mrkys\workspace\sketch_tnc\outputs\paper_strengthened\main_grid2d_3x3__block_b2_c1__s2\2026-04-14_17-19-40
main_grid2d_3x3,Grid 3x3,grid2d,0,astnc_l2,ASTNC-L2,main_grid2d_3x3__block_b2_c2__s0,blockwise,ok,0.002969929573277492,0.6096833999945375,0.00015420000636368059,0.6098376000009011,55.053072817903555,0.9997471457854301,adaptive,0.001,0.005,2,16,1.0,108.0,8.0,14.0,16.0,True,64.0,23.0,41.0,0.359375,41.0,4.0,0.00020947721268155115,True,2,2,,,,,,C:\Users\mrkys\workspace\sketch_tnc\outputs\paper_strengthened\main_grid2d_3x3__block_b2_c2__s0\2026-04-14_17-20-31
main_grid2d_3x3,Grid 3x3,grid2d,1,astnc_l2,ASTNC-L2,main_grid2d_3x3__block_b2_c2__s1,blockwise,ok,0.00662177955375212,0.5948620000017399,0.00016200000027311035,0.595024000002013,57.55022469652501,0.9997277420721311,adaptive,0.001,0.005,2,16,1.0,107.0,8.0,13.0,17.0,True,64.0,23.0,41.0,0.359375,41.0,4.0,0.0004929036088632918,True,2,2,,,,,,C:\Users\mrkys\workspace\sketch_tnc\outputs\paper_strengthened\main_grid2d_3x3__block_b2_c2__s1\2026-04-14_17-21-06
main_grid2d_3x3,Grid 3x3,grid2d,2,astnc_l2,ASTNC-L2,main_grid2d_3x3__block_b2_c2__s2,blockwise,ok,0.0018562074952763671,0.5423987999965902,9.349999891128391e-05,0.5424922999955015,61.90720476623767,0.9998276473234516,adaptive,0.001,0.005,2,16,1.0,108.0,8.0,14.0,16.0,True,64.0,23.0,41.0,0.359375,41.0,4.0,0.0001968829741558494,True,2,2,,,,,,C:\Users\mrkys\workspace\sketch_tnc\outputs\paper_strengthened\main_grid2d_3x3__block_b2_c2__s2\2026-04-14_17-21-42
main_grid2d_3x3,Grid 3x3,grid2d,0,astnc_l2,ASTNC-L2,main_grid2d_3x3__block_b2_c3__s0,blockwise,ok,0.010290543385193479,0.6079024999999092,7.929999992484227e-05,0.607981799999834,27.46316698950809,0.999869568462535,adaptive,0.001,0.005,2,16,1.0,223.0,4.0,3.0,5.0,True,17.0,0.0,17.0,0.0,17.0,1.0,0.0013626750943744955,True,2,3,,,,,,C:\Users\mrkys\workspace\sketch_tnc\outputs\paper_strengthened\main_grid2d_3x3__block_b2_c3__s0\2026-04-14_17-22-17
main_grid2d_3x3,Grid 3x3,grid2d,1,astnc_l2,ASTNC-L2,main_grid2d_3x3__block_b2_c3__s1,blockwise,ok,0.011484508528422244,0.7442812000008416,7.410000034724362e-05,0.7443553000011889,22.465347663875406,0.9999004507641082,adaptive,0.001,0.005,2,16,1.0,220.0,4.0,3.0,5.0,True,17.0,0.0,17.0,0.0,17.0,1.0,0.0013669466857537903,True,2,3,,,,,,C:\Users\mrkys\workspace\sketch_tnc\outputs\paper_strengthened\main_grid2d_3x3__block_b2_c3__s1\2026-04-14_17-22-35
main_grid2d_3x3,Grid 3x3,grid2d,2,astnc_l2,ASTNC-L2,main_grid2d_3x3__block_b2_c3__s2,blockwise,ok,0.010143615409442837,0.5409141999989515,8.200000229408033e-05,0.5409962000012456,30.672042428271293,0.9998484277647538,adaptive,0.001,0.005,2,16,1.0,223.0,4.0,3.0,5.0,True,17.0,0.0,17.0,0.0,17.0,1.0,0.0013671057780189641,True,2,3,,,,,,C:\Users\mrkys\workspace\sketch_tnc\outputs\paper_strengthened\main_grid2d_3x3__block_b2_c3__s2\2026-04-14_17-22-53
main_grid2d_3x3,Grid 3x3,grid2d,0,astnc_l2,ASTNC-L2,main_grid2d_3x3__block_b3_c1__s0,blockwise,ok,0.005497649065200968,1.4619127999976627,0.00030019999758224003,1.462212999995245,63.61396540739675,0.9997946947547429,adaptive,0.001,0.005,2,16,1.0,64.0,1.0,34.0,86.0,True,267.0,132.0,135.0,0.4943820224719101,135.0,27.0,0.0009456065341779049,True,3,1,,,,,,C:\Users\mrkys\workspace\sketch_tnc\outputs\paper_strengthened\main_grid2d_3x3__block_b3_c1__s0\2026-04-14_17-23-11
main_grid2d_3x3,Grid 3x3,grid2d,1,astnc_l2,ASTNC-L2,main_grid2d_3x3__block_b3_c1__s1,blockwise,ok,0.005530590195327655,1.2531596999979229,0.0004844999930355698,1.2536441999909584,70.19630729401908,0.9996135267135294,adaptive,0.001,0.005,2,16,1.0,64.0,0.0,30.0,90.0,True,267.0,132.0,135.0,0.4943820224719101,135.0,27.0,0.0010555064495925699,True,3,1,,,,,,C:\Users\mrkys\workspace\sketch_tnc\outputs\paper_strengthened\main_grid2d_3x3__block_b3_c1__s1\2026-04-14_17-24-47
main_grid2d_3x3,Grid 3x3,grid2d,2,astnc_l2,ASTNC-L2,main_grid2d_3x3__block_b3_c1__s2,blockwise,ok,0.005735805431961293,1.2007789999915985,0.00037629999860655516,1.201155299990205,74.46889299048205,0.999686718278969,adaptive,0.001,0.005,2,16,1.0,64.0,0.0,30.0,90.0,True,267.0,132.0,135.0,0.4943820224719101,135.0,27.0,0.0010849048656300384,True,3,1,,,,,,C:\Users\mrkys\workspace\sketch_tnc\outputs\paper_strengthened\main_grid2d_3x3__block_b3_c1__s2\2026-04-14_17-26-17
main_grid2d_3x3,Grid 3x3,grid2d,0,astnc_l2,ASTNC-L2,main_grid2d_3x3__block_b3_c3__s0,blockwise,ok,0.01029054338519392,0.5628963000017393,7.589999950141646e-05,0.5629722000012407,28.065314237432453,0.9998651798428038,adaptive,0.001,0.005,2,16,1.0,223.0,4.0,3.0,5.0,True,17.0,0.0,17.0,0.0,17.0,1.0,0.0013626720010241197,True,3,3,,,,,,C:\Users\mrkys\workspace\sketch_tnc\outputs\paper_strengthened\main_grid2d_3x3__block_b3_c3__s0\2026-04-14_17-27-48
main_grid2d_3x3,Grid 3x3,grid2d,1,astnc_l2,ASTNC-L2,main_grid2d_3x3__block_b3_c3__s1,blockwise,ok,0.0114845085284225,0.5815798000003269,7.420000110869296e-05,0.5816540000014356,28.46382471353725,0.9998724327484925,adaptive,0.001,0.005,2,16,1.0,220.0,4.0,3.0,5.0,True,17.0,0.0,17.0,0.0,17.0,1.0,0.0013669466857537903,True,3,3,,,,,,C:\Users\mrkys\workspace\sketch_tnc\outputs\paper_strengthened\main_grid2d_3x3__block_b3_c3__s1\2026-04-14_17-28-06
main_grid2d_3x3,Grid 3x3,grid2d,2,astnc_l2,ASTNC-L2,main_grid2d_3x3__block_b3_c3__s2,blockwise,ok,0.010143615409442839,0.66507929999716,7.639999967068434e-05,0.6651556999968307,24.39777844503328,0.9998851396738073,adaptive,0.001,0.005,2,16,1.0,223.0,4.0,3.0,5.0,True,17.0,0.0,17.0,0.0,17.0,1.0,0.0013671071413069798,True,3,3,,,,,,C:\Users\mrkys\workspace\sketch_tnc\outputs\paper_strengthened\main_grid2d_3x3__block_b3_c3__s2\2026-04-14_17-28-24
main_random_8,Random-8,random_connected,0,astnc_l2,ASTNC-L2,main_random_8__block_block_disabled__s0,blockwise,ok,0.003959458066773634,0.07585980000294512,1.4400000509340316e-05,0.07587420000345446,3.0802038109089604,0.9998102121471001,adaptive,0.001,0.005,2,16,1.0,143.0,1.0,2.0,5.0,True,15.0,0.0,15.0,0.0,15.0,1.0,0.0007485439293586598,False,0,0,,,,,,C:\Users\mrkys\workspace\sketch_tnc\outputs\paper_strengthened\main_random_8__block_block_disabled__s0\2026-04-14_17-28-41
main_random_8,Random-8,random_connected,1,astnc_l2,ASTNC-L2,main_random_8__block_block_disabled__s1,blockwise,ok,5.434181591091566e-15,0.05274460000146064,1.4099998224992305e-05,0.05275869999968563,2.545278788129283,0.9997327455144875,adaptive,0.001,0.005,2,16,1.0,48.0,0.0,3.0,4.0,True,15.0,0.0,15.0,0.0,15.0,1.0,2.2954506624281e-09,False,0,0,,,,,,C:\Users\mrkys\workspace\sketch_tnc\outputs\paper_strengthened\main_random_8__block_block_disabled__s1\2026-04-14_17-28-42
main_random_8,Random-8,random_connected,2,astnc_l2,ASTNC-L2,main_random_8__block_block_disabled__s2,blockwise,ok,0.006543329142924619,0.2544272000013734,1.4199998986441642e-05,0.25444140000035986,0.8111879591926985,0.999944191472039,adaptive,0.001,0.005,2,16,1.0,237.0,3.0,3.0,4.0,True,15.0,0.0,15.0,0.0,15.0,1.0,0.0009973208946957139,False,0,0,,,,,,C:\Users\mrkys\workspace\sketch_tnc\outputs\paper_strengthened\main_random_8__block_block_disabled__s2\2026-04-14_17-28-43
main_random_8,Random-8,random_connected,0,astnc_l2,ASTNC-L2,main_random_8__block_b1_c1__s0,blockwise,ok,0.003959458066773625,0.07048809999832883,1.9600000086938962e-05,0.07050769999841577,6.6280661545436645,0.9997220161615383,adaptive,0.001,0.005,2,16,1.0,143.0,1.0,2.0,9.0,True,25.0,4.0,21.0,0.16,21.0,3.0,0.0004763461368646017,True,1,1,,,,,,C:\Users\mrkys\workspace\sketch_tnc\outputs\paper_strengthened\main_random_8__block_b1_c1__s0\2026-04-14_17-28-45
main_random_8,Random-8,random_connected,1,astnc_l2,ASTNC-L2,main_random_8__block_b1_c1__s1,blockwise,ok,4.069538017788095e-15,0.09220710000226973,1.920000067912042e-05,0.09222630000294885,2.189952323702334,0.9997918164159432,adaptive,0.001,0.005,2,16,1.0,48.0,0.0,9.0,12.0,True,45.0,14.0,31.0,0.3111111111111111,31.0,3.0,3.316390974084678e-09,True,1,1,,,,,,C:\Users\mrkys\workspace\sketch_tnc\outputs\paper_strengthened\main_random_8__block_b1_c1__s1\2026-04-14_17-28-46
main_random_8,Random-8,random_connected,2,astnc_l2,ASTNC-L2,main_random_8__block_b1_c1__s2,blockwise,ok,5.404429716717388e-14,0.13699579999956768,1.97000008483883e-05,0.13701550000041607,2.8217048436009313,0.9998562206330802,adaptive,0.001,0.005,2,16,1.0,81.0,6.0,12.0,9.0,True,45.0,14.0,31.0,0.3111111111111111,31.0,3.0,2.8720897633322834e-09,True,1,1,,,,,,C:\Users\mrkys\workspace\sketch_tnc\outputs\paper_strengthened\main_random_8__block_b1_c1__s2\2026-04-14_17-28-47
main_random_8,Random-8,random_connected,0,astnc_l2,ASTNC-L2,main_random_8__block_b1_c2__s0,blockwise,ok,0.003959458066773621,0.07266549999985727,1.680000059423037e-05,0.0726823000004515,4.845204403168944,0.9997688570450591,adaptive,0.001,0.005,2,16,1.0,143.0,1.0,2.0,7.0,True,20.0,2.0,18.0,0.1,18.0,2.0,0.0005822008339456243,True,1,2,,,,,,C:\Users\mrkys\workspace\sketch_tnc\outputs\paper_strengthened\main_random_8__block_b1_c2__s0\2026-04-14_17-28-48
main_random_8,Random-8,random_connected,1,astnc_l2,ASTNC-L2,main_random_8__block_b1_c2__s1,blockwise,ok,3.4240748778876904e-15,0.07346539999707602,1.6599999071331695e-05,0.07348199999614735,2.194857244001664,0.9997740943350483,adaptive,0.001,0.005,2,16,1.0,48.0,0.0,6.0,8.0,True,30.0,7.0,23.0,0.23333333333333334,23.0,2.0,7.789988906786079e-10,True,1,2,,,,,,C:\Users\mrkys\workspace\sketch_tnc\outputs\paper_strengthened\main_random_8__block_b1_c2__s1\2026-04-14_17-28-49
main_random_8,Random-8,random_connected,2,astnc_l2,ASTNC-L2,main_random_8__block_b1_c2__s2,blockwise,ok,2.4676304476969668e-14,0.13550150000082795,1.9899998733308166e-05,0.13552139999956125,2.095747239906191,0.9998531597243444,adaptive,0.001,0.005,2,16,1.0,162.0,4.0,8.0,6.0,True,30.0,7.0,23.0,0.23333333333333334,23.0,2.0,3.899912800527152e-09,True,1,2,,,,,,C:\Users\mrkys\workspace\sketch_tnc\outputs\paper_strengthened\main_random_8__block_b1_c2__s2\2026-04-14_17-28-50
main_random_8,Random-8,random_connected,0,astnc_l2,ASTNC-L2,main_random_8__block_b1_c3__s0,blockwise,ok,0.003959458066773634,0.07385400000202935,1.4400000509340316e-05,0.07386840000253869,3.2980218873887184,0.9998050587056352,adaptive,0.001,0.005,2,16,1.0,143.0,1.0,2.0,5.0,True,15.0,0.0,15.0,0.0,15.0,1.0,0.0007485439293586598,True,1,3,,,,,,C:\Users\mrkys\workspace\sketch_tnc\outputs\paper_strengthened\main_random_8__block_b1_c3__s0\2026-04-14_17-28-51
main_random_8,Random-8,random_connected,1,astnc_l2,ASTNC-L2,main_random_8__block_b1_c3__s1,blockwise,ok,5.434181591091566e-15,0.05191659999763942,1.4000001101521775e-05,0.051930599998740945,2.2616915652590306,0.9997304093905791,adaptive,0.001,0.005,2,16,1.0,48.0,0.0,3.0,4.0,True,15.0,0.0,15.0,0.0,15.0,1.0,2.2954506624281e-09,True,1,3,,,,,,C:\Users\mrkys\workspace\sketch_tnc\outputs\paper_strengthened\main_random_8__block_b1_c3__s1\2026-04-14_17-28-53
main_random_8,Random-8,random_connected,2,astnc_l2,ASTNC-L2,main_random_8__block_b1_c3__s2,blockwise,ok,0.006543329142922216,0.23925159999998868,1.9499999325489625e-05,0.23927109999931417,0.7985419049765548,0.999918502483896,adaptive,0.001,0.005,2,16,1.0,237.0,3.0,3.0,4.0,True,15.0,0.0,15.0,0.0,15.0,1.0,0.0009973208946927894,True,1,3,,,,,,C:\Users\mrkys\workspace\sketch_tnc\outputs\paper_strengthened\main_random_8__block_b1_c3__s2\2026-04-14_17-28-53
main_random_8,Random-8,random_connected,0,astnc_l2,ASTNC-L2,main_random_8__block_b2_c1__s0,blockwise,ok,5.121095894049699e-15,0.07009389999802806,3.369999831193127e-05,0.07012759999634,11.134530484877008,0.9995194474170909,adaptive,0.001,0.005,2,16,1.0,81.0,3.0,12.0,21.0,True,75.0,30.0,45.0,0.4,45.0,9.0,1.1206331813065365e-09,True,2,1,,,,,,C:\Users\mrkys\workspace\sketch_tnc\outputs\paper_strengthened\main_random_8__block_b2_c1__s0\2026-04-14_17-28-55
main_random_8,Random-8,random_connected,1,astnc_l2,ASTNC-L2,main_random_8__block_b2_c1__s1,blockwise,ok,3.535549354709715e-15,0.05410979999578558,3.730000025825575e-05,0.054147099996043835,5.4721231609383985,0.9993111357531559,adaptive,0.001,0.005,2,16,1.0,27.0,0.0,36.0,27.0,True,135.0,60.0,75.0,0.4444444444444444,75.0,9.0,1.7783001094921215e-09,True,2,1,,,,,,C:\Users\mrkys\workspace\sketch_tnc\outputs\paper_strengthened\main_random_8__block_b2_c1__s1\2026-04-14_17-28-56
main_random_8,Random-8,random_connected,2,astnc_l2,ASTNC-L2,main_random_8__block_b2_c1__s2,blockwise,ok,5.4042095256957383e-14,0.19437409999591182,3.7599998904624954e-05,0.19441169999481644,5.890046741119595,0.9998065960026817,adaptive,0.001,0.005,2,16,1.0,81.0,3.0,12.0,21.0,True,75.0,30.0,45.0,0.4,45.0,9.0,1.8276934857569075e-09,True,2,1,,,,,,C:\Users\mrkys\workspace\sketch_tnc\outputs\paper_strengthened\main_random_8__block_b2_c1__s2\2026-04-14_17-28-57
main_random_8,Random-8,random_connected,0,astnc_l2,ASTNC-L2,main_random_8__block_b2_c2__s0,blockwise,ok,0.017657260297349445,0.07789659999980358,2.1700005163438618e-05,0.07791830000496702,6.142143757754829,0.9997215030851317,adaptive,0.001,0.005,2,16,1.0,133.0,2.0,6.0,12.0,True,40.0,12.0,28.0,0.3,28.0,4.0,0.001302897419752185,True,2,2,,,,,,C:\Users\mrkys\workspace\sketch_tnc\outputs\paper_strengthened\main_random_8__block_b2_c2__s0\2026-04-14_17-28-59
main_random_8,Random-8,random_connected,1,astnc_l2,ASTNC-L2,main_random_8__block_b2_c2__s1,blockwise,ok,0.004856241903518993,0.08493640000233427,4.709999484475702e-05,0.08498349999717902,2.2187177511369005,0.999445774816926,adaptive,0.001,0.005,2,16,1.0,48.0,0.0,11.0,17.0,True,60.0,22.0,38.0,0.36666666666666664,38.0,4.0,0.0007893174027114909,True,2,2,,,,,,C:\Users\mrkys\workspace\sketch_tnc\outputs\paper_strengthened\main_random_8__block_b2_c2__s1\2026-04-14_17-29-01
main_random_8,Random-8,random_connected,2,astnc_l2,ASTNC-L2,main_random_8__block_b2_c2__s2,blockwise,ok,2.469987164065273e-14,0.2170782999965013,2.2700005501974374e-05,0.21710100000200327,2.538278957693559,0.9998954403411239,adaptive,0.001,0.005,2,16,1.0,162.0,2.0,8.0,10.0,True,40.0,12.0,28.0,0.3,28.0,4.0,3.033265511521118e-09,True,2,2,,,,,,C:\Users\mrkys\workspace\sketch_tnc\outputs\paper_strengthened\main_random_8__block_b2_c2__s2\2026-04-14_17-29-02
main_random_8,Random-8,random_connected,0,astnc_l2,ASTNC-L2,main_random_8__block_b2_c3__s0,blockwise,ok,0.003959458066773583,0.07453510000050301,1.4799999917158857e-05,0.07454990000042017,2.9837437742362205,0.999801475241189,adaptive,0.001,0.005,2,16,1.0,143.0,1.0,2.0,5.0,True,15.0,0.0,15.0,0.0,15.0,1.0,0.0007485408159113542,True,2,3,,,,,,C:\Users\mrkys\workspace\sketch_tnc\outputs\paper_strengthened\main_random_8__block_b2_c3__s0\2026-04-14_17-29-03
main_random_8,Random-8,random_connected,1,astnc_l2,ASTNC-L2,main_random_8__block_b2_c3__s1,blockwise,ok,5.434181591091566e-15,0.052648900000349386,1.3299999409355223e-05,0.05266219999975874,2.1907288339287216,0.9997474469276034,adaptive,0.001,0.005,2,16,1.0,48.0,0.0,3.0,4.0,True,15.0,0.0,15.0,0.0,15.0,1.0,2.2954506624281e-09,True,2,3,,,,,,C:\Users\mrkys\workspace\sketch_tnc\outputs\paper_strengthened\main_random_8__block_b2_c3__s1\2026-04-14_17-29-04
main_random_8,Random-8,random_connected,2,astnc_l2,ASTNC-L2,main_random_8__block_b2_c3__s2,blockwise,ok,0.006543329142922235,0.24189320000004955,1.7099999240599573e-05,0.24191029999929015,0.7429493494049907,0.9999293126409228,adaptive,0.001,0.005,2,16,1.0,237.0,3.0,3.0,4.0,True,15.0,0.0,15.0,0.0,15.0,1.0,0.0009973208946927894,True,2,3,,,,,,C:\Users\mrkys\workspace\sketch_tnc\outputs\paper_strengthened\main_random_8__block_b2_c3__s2\2026-04-14_17-29-05
main_random_8,Random-8,random_connected,0,astnc_l2,ASTNC-L2,main_random_8__block_b3_c1__s0,blockwise,ok,4.550793862141214e-15,0.031120100000407547,6.86999992467463e-05,0.031188799999654293,50.47603947465736,0.9977972861974393,adaptive,0.001,0.005,2,16,1.0,27.0,0.0,18.0,63.0,True,189.0,94.0,95.0,0.4973544973544973,95.0,27.0,1.3522070101867875e-09,True,3,1,,,,,,C:\Users\mrkys\workspace\sketch_tnc\outputs\paper_strengthened\main_random_8__block_b3_c1__s0\2026-04-14_17-29-06
main_random_8,Random-8,random_connected,1,astnc_l2,ASTNC-L2,main_random_8__block_b3_c1__s1,blockwise,ok,2.905215852022158e-15,0.04970519999915268,6.960001701372676e-05,0.04977480001616641,10.568858132958418,0.9986017017046834,adaptive,0.001,0.005,2,16,1.0,16.0,0.0,72.0,81.0,True,333.0,166.0,167.0,0.4984984984984985,167.0,27.0,1.2436596613196293e-09,True,3,1,,,,,,C:\Users\mrkys\workspace\sketch_tnc\outputs\paper_strengthened\main_random_8__block_b3_c1__s1\2026-04-14_17-29-08
main_random_8,Random-8,random_connected,2,astnc_l2,ASTNC-L2,main_random_8__block_b3_c1__s2,blockwise,ok,4.884798974121083e-15,0.2107818000149564,0.00015659999917261302,0.210938400014129,16.35125752235766,0.9992576031667947,adaptive,0.001,0.005,2,16,1.0,64.0,0.0,36.0,63.0,True,225.0,112.0,113.0,0.49777777777777776,113.0,27.0,2.128368466684675e-09,True,3,1,,,,,,C:\Users\mrkys\workspace\sketch_tnc\outputs\paper_strengthened\main_random_8__block_b3_c1__s2\2026-04-14_17-29-09
main_random_8,Random-8,random_connected,0,astnc_l2,ASTNC-L2,main_random_8__block_b3_c3__s0,blockwise,ok,0.003959458066776003,0.07681700000102865,1.2700002116616815e-05,0.07682970000314526,2.913172900428093,0.9998346993009742,adaptive,0.001,0.005,2,16,1.0,143.0,1.0,2.0,5.0,True,15.0,0.0,15.0,0.0,15.0,1.0,0.0007485408159113542,True,3,3,,,,,,C:\Users\mrkys\workspace\sketch_tnc\outputs\paper_strengthened\main_random_8__block_b3_c3__s0\2026-04-14_17-29-14
main_random_8,Random-8,random_connected,1,astnc_l2,ASTNC-L2,main_random_8__block_b3_c3__s1,blockwise,ok,5.434181591091566e-15,0.052300799998192815,1.4400000509340316e-05,0.052315199998702155,2.233633819620348,0.9997247453606328,adaptive,0.001,0.005,2,16,1.0,48.0,0.0,3.0,4.0,True,15.0,0.0,15.0,0.0,15.0,1.0,2.2954506624281e-09,True,3,3,,,,,,C:\Users\mrkys\workspace\sketch_tnc\outputs\paper_strengthened\main_random_8__block_b3_c3__s1\2026-04-14_17-29-15
main_random_8,Random-8,random_connected,2,astnc_l2,ASTNC-L2,main_random_8__block_b3_c3__s2,blockwise,ok,0.006543329142922381,0.24920449999990524,1.3299999409355223e-05,0.2492177999993146,0.7236533666526481,0.9999466330237674,adaptive,0.001,0.005,2,16,1.0,237.0,3.0,3.0,4.0,True,15.0,0.0,15.0,0.0,15.0,1.0,0.0009973208946942517,True,3,3,,,,,,C:\Users\mrkys\workspace\sketch_tnc\outputs\paper_strengthened\main_random_8__block_b3_c3__s2\2026-04-14_17-29-16
difficulty_grid2d_2x3,Grid 2x3,grid2d,0,exact,exact,difficulty_grid2d_2x3__exact__s0,difficulty,ok,0.0,0.014565299996320391,1.939999856404029e-05,0.014584699994884431,1.206277812407087,0.998669838970324,,,,,,,,,,,,,,,,,9.0,,,,,,,,,,C:\Users\mrkys\workspace\sketch_tnc\outputs\paper_strengthened\difficulty_grid2d_2x3__exact__s0\2026-04-14_18-02-00
difficulty_grid2d_2x3,Grid 2x3,grid2d,1,exact,exact,difficulty_grid2d_2x3__exact__s1,difficulty,ok,0.0,0.015210400004434632,2.539999331929721e-05,0.01523579999775393,1.2024901866488626,0.9983328742618455,,,,,,,,,,,,,,,,,9.0,,,,,,,,,,C:\Users\mrkys\workspace\sketch_tnc\outputs\paper_strengthened\difficulty_grid2d_2x3__exact__s1\2026-04-14_18-02-01
difficulty_grid2d_2x3,Grid 2x3,grid2d,2,exact,exact,difficulty_grid2d_2x3__exact__s2,difficulty,ok,0.0,0.01487450000422541,2.2199994418770075e-05,0.01489669999864418,1.0856766940089373,0.9985097373633556,,,,,,,,,,,,,,,,,9.0,,,,,,,,,,C:\Users\mrkys\workspace\sketch_tnc\outputs\paper_strengthened\difficulty_grid2d_2x3__exact__s2\2026-04-14_18-02-02
difficulty_grid2d_2x3,Grid 2x3,grid2d,0,astnc_l2,ASTNC-L2,difficulty_grid2d_2x3__astnc_l2__s0,difficulty,ok,2.7011489363047325e-15,0.016664000006130664,2.3700002202531323e-05,0.016687700008333195,1.1700354140709586,0.9985797921109995,adaptive,0.001,0.005,2,16,1.0,16.0,0.0,21.0,18.0,True,87.0,38.0,49.0,0.4367816091954023,49.0,9.0,8.937259510572102e-10,,,,,,,,,C:\Users\mrkys\workspace\sketch_tnc\outputs\paper_strengthened\difficulty_grid2d_2x3__astnc_l2__s0\2026-04-14_18-02-03
difficulty_grid2d_2x3,Grid 2x3,grid2d,1,astnc_l2,ASTNC-L2,difficulty_grid2d_2x3__astnc_l2__s1,difficulty,ok,2.5535159590352855e-15,0.01919610000550165,2.3700002202531323e-05,0.01921980000770418,1.170823837583607,0.9987668964717741,adaptive,0.001,0.005,2,16,1.0,16.0,0.0,21.0,18.0,True,87.0,38.0,49.0,0.4367816091954023,49.0,9.0,2.392944913787237e-09,,,,,,,,,C:\Users\mrkys\workspace\sketch_tnc\outputs\paper_strengthened\difficulty_grid2d_2x3__astnc_l2__s1\2026-04-14_18-02-04
difficulty_grid2d_2x3,Grid 2x3,grid2d,2,astnc_l2,ASTNC-L2,difficulty_grid2d_2x3__astnc_l2__s2,difficulty,ok,2.736335153996921e-15,0.01830419998805155,2.380000296398066e-05,0.01832799999101553,0.8761294193857461,0.9987014402021853,adaptive,0.001,0.005,2,16,1.0,16.0,0.0,21.0,18.0,True,87.0,38.0,49.0,0.4367816091954023,49.0,9.0,2.5302385518190315e-09,,,,,,,,,C:\Users\mrkys\workspace\sketch_tnc\outputs\paper_strengthened\difficulty_grid2d_2x3__astnc_l2__s2\2026-04-14_18-02-05
difficulty_grid2d_2x4,Grid 2x4,grid2d,0,exact,exact,difficulty_grid2d_2x4__exact__s0,difficulty,ok,0.0,0.6991476000002876,4.2700008634710684e-05,0.6991903000089223,1.034856032733322,0.9999389293449379,,,,,,,,,,,,,,,,,9.0,,,,,,,,,,C:\Users\mrkys\workspace\sketch_tnc\outputs\paper_strengthened\difficulty_grid2d_2x4__exact__s0\2026-04-14_18-02-05
difficulty_grid2d_2x4,Grid 2x4,grid2d,1,exact,exact,difficulty_grid2d_2x4__exact__s1,difficulty,ok,0.0,0.7357429000076081,4.909999915980734e-05,0.7357920000067679,1.1111426870450067,0.9999332691845532,,,,,,,,,,,,,,,,,9.0,,,,,,,,,,C:\Users\mrkys\workspace\sketch_tnc\outputs\paper_strengthened\difficulty_grid2d_2x4__exact__s1\2026-04-14_18-02-08
difficulty_grid2d_2x4,Grid 2x4,grid2d,2,exact,exact,difficulty_grid2d_2x4__exact__s2,difficulty,ok,0.0,0.72618059999877,4.6799999836366624e-05,0.7262273999986064,1.02142276646818,0.9999355573738523,,,,,,,,,,,,,,,,,9.0,,,,,,,,,,C:\Users\mrkys\workspace\sketch_tnc\outputs\paper_strengthened\difficulty_grid2d_2x4__exact__s2\2026-04-14_18-02-10
difficulty_grid2d_2x4,Grid 2x4,grid2d,0,astnc_l2,ASTNC-L2,difficulty_grid2d_2x4__astnc_l2__s0,difficulty,ok,6.085972944044173e-15,0.15233720000469475,9.609999688109383e-05,0.15243330000157584,6.151146107734252,0.9993695603396405,adaptive,0.001,0.005,2,16,1.0,27.0,0.0,30.0,27.0,True,123.0,54.0,69.0,0.43902439024390244,69.0,9.0,3.1794345930594636e-09,,,,,,,,,C:\Users\mrkys\workspace\sketch_tnc\outputs\paper_strengthened\difficulty_grid2d_2x4__astnc_l2__s0\2026-04-14_18-02-12
difficulty_grid2d_2x4,Grid 2x4,grid2d,1,astnc_l2,ASTNC-L2,difficulty_grid2d_2x4__astnc_l2__s1,difficulty,ok,3.3999379868707297e-15,0.10864880000735866,4.090000220458023e-05,0.10868970000956324,6.8022121684414705,0.9996236993643316,adaptive,0.001,0.005,2,16,1.0,27.0,0.0,30.0,27.0,True,123.0,54.0,69.0,0.43902439024390244,69.0,9.0,1.74290789555788e-09,,,,,,,,,C:\Users\mrkys\workspace\sketch_tnc\outputs\paper_strengthened\difficulty_grid2d_2x4__astnc_l2__s1\2026-04-14_18-02-14
difficulty_grid2d_2x4,Grid 2x4,grid2d,2,astnc_l2,ASTNC-L2,difficulty_grid2d_2x4__astnc_l2__s2,difficulty,ok,4.172845966505658e-15,0.1073413999947661,4.140000237384811e-05,0.10738279999713995,6.596240738898124,0.999614463364947,adaptive,0.001,0.005,2,16,1.0,27.0,0.0,30.0,27.0,True,123.0,54.0,69.0,0.43902439024390244,69.0,9.0,3.1375481330312376e-09,,,,,,,,,C:\Users\mrkys\workspace\sketch_tnc\outputs\paper_strengthened\difficulty_grid2d_2x4__astnc_l2__s2\2026-04-14_18-02-16
main_grid2d_3x3,Grid 3x3,grid2d,0,astnc_l2,ASTNC-L2,main_grid2d_3x3__block_b1_c1__s0,cache_reuse,ok,9.839437863184022e-15,0.4870420000006561,9.079999654204585e-05,0.48713279999719816,62.72999334085483,0.999813603194976,adaptive,0.001,0.005,2,16,1.0,81.0,9.0,12.0,12.0,True,51.0,16.0,35.0,0.3137254901960784,35.0,3.0,2.7888871311862296e-09,True,1,1,,,,b1_c1,True,C:\Users\mrkys\workspace\sketch_tnc\outputs\paper_strengthened\main_grid2d_3x3__block_b1_c1__s0\2026-04-14_17-10-40
main_grid2d_3x3,Grid 3x3,grid2d,0,astnc_l2,ASTNC-L2,main_grid2d_3x3__cache_off_b1_c1__s0,cache_reuse,ok,9.839437863184022e-15,0.5128715000028023,9.409999620402232e-05,0.5129655999990064,62.937189160434485,0.9998165569051726,adaptive,0.001,0.005,2,16,1.0,81.0,9.0,12.0,12.0,False,0.0,0.0,0.0,0.0,0.0,3.0,2.7888871311862296e-09,True,1,1,,,,b1_c1,False,C:\Users\mrkys\workspace\sketch_tnc\outputs\paper_strengthened\main_grid2d_3x3__cache_off_b1_c1__s0\2026-04-14_18-02-18
main_grid2d_3x3,Grid 3x3,grid2d,0,astnc_l2,ASTNC-L2,main_grid2d_3x3__astnc_l2__s0,cache_reuse,ok,0.004461158998039425,0.5424502999994729,0.00016479999976581894,0.5426150999992387,83.3111085555492,0.9996962856345765,adaptive,0.001,0.005,2,16,1.0,64.0,13.0,30.0,36.0,True,141.0,62.0,79.0,0.4397163120567376,79.0,9.0,0.00047029104248323943,True,2,1,,,,b2_c1,True,C:\Users\mrkys\workspace\sketch_tnc\outputs\paper_strengthened\main_grid2d_3x3__astnc_l2__s0\2026-04-14_16-43-27
main_grid2d_3x3,Grid 3x3,grid2d,0,no_cache,no-cache,main_grid2d_3x3__no_cache__s0,cache_reuse,ok,0.004461158998039425,0.7142206999924383,0.00017269999807467684,0.714393399990513,62.79996343825294,0.9997582564465507,adaptive,0.001,0.005,2,16,1.0,64.0,13.0,36.0,36.0,False,0.0,0.0,0.0,0.0,0.0,9.0,0.0004311001222763028,True,2,1,,,,b2_c1,False,C:\Users\mrkys\workspace\sketch_tnc\outputs\paper_strengthened\main_grid2d_3x3__no_cache__s0\2026-04-14_16-49-36
main_grid2d_3x3,Grid 3x3,grid2d,0,astnc_l2,ASTNC-L2,main_grid2d_3x3__block_b2_c2__s0,cache_reuse,ok,0.002969929573277492,0.6096833999945375,0.00015420000636368059,0.6098376000009011,55.053072817903555,0.9997471457854301,adaptive,0.001,0.005,2,16,1.0,108.0,8.0,14.0,16.0,True,64.0,23.0,41.0,0.359375,41.0,4.0,0.00020947721268155115,True,2,2,,,,b2_c2,True,C:\Users\mrkys\workspace\sketch_tnc\outputs\paper_strengthened\main_grid2d_3x3__block_b2_c2__s0\2026-04-14_17-20-31
main_grid2d_3x3,Grid 3x3,grid2d,0,astnc_l2,ASTNC-L2,main_grid2d_3x3__cache_off_b2_c2__s0,cache_reuse,ok,0.002969929573277492,0.5959933000012825,0.00018349999663769267,0.5961767999979202,61.99870826920717,0.9996922054034341,adaptive,0.001,0.005,2,16,1.0,108.0,8.0,16.0,16.0,False,0.0,0.0,0.0,0.0,0.0,4.0,0.0001963848868889542,True,2,2,,,,b2_c2,False,C:\Users\mrkys\workspace\sketch_tnc\outputs\paper_strengthened\main_grid2d_3x3__cache_off_b2_c2__s0\2026-04-14_18-02-51
main_grid2d_3x3,Grid 3x3,grid2d,1,astnc_l2,ASTNC-L2,main_grid2d_3x3__block_b1_c1__s1,cache_reuse,ok,5.931709881420245e-13,0.4600153000028513,8.539999907952733e-05,0.4601007000019308,69.13257163009256,0.9998143884587027,adaptive,0.001,0.005,2,16,1.0,81.0,9.0,12.0,12.0,True,51.0,16.0,35.0,0.3137254901960784,35.0,3.0,3.2118673268055715e-09,True,1,1,,,,b1_c1,True,C:\Users\mrkys\workspace\sketch_tnc\outputs\paper_strengthened\main_grid2d_3x3__block_b1_c1__s1\2026-04-14_17-11-12
main_grid2d_3x3,Grid 3x3,grid2d,1,astnc_l2,ASTNC-L2,main_grid2d_3x3__cache_off_b1_c1__s1,cache_reuse,ok,5.931709881420245e-13,0.4671353999983694,0.0001421999986632727,0.46727759999703267,67.57450817273066,0.9996956841079824,adaptive,0.001,0.005,2,16,1.0,81.0,9.0,12.0,12.0,False,0.0,0.0,0.0,0.0,0.0,3.0,3.2118673268055715e-09,True,1,1,,,,b1_c1,False,C:\Users\mrkys\workspace\sketch_tnc\outputs\paper_strengthened\main_grid2d_3x3__cache_off_b1_c1__s1\2026-04-14_18-03-30
main_grid2d_3x3,Grid 3x3,grid2d,1,astnc_l2,ASTNC-L2,main_grid2d_3x3__astnc_l2__s1,cache_reuse,ok,0.0036330415769231217,0.5394004000008863,0.00018989999807672575,0.539590299998963,82.99739543132232,0.9996480663216579,adaptive,0.001,0.005,2,16,1.0,64.0,14.0,30.0,36.0,True,141.0,62.0,79.0,0.4397163120567376,79.0,9.0,0.0003575458888133989,True,2,1,,,,b2_c1,True,C:\Users\mrkys\workspace\sketch_tnc\outputs\paper_strengthened\main_grid2d_3x3__astnc_l2__s1\2026-04-14_16-44-13
main_grid2d_3x3,Grid 3x3,grid2d,1,no_cache,no-cache,main_grid2d_3x3__no_cache__s1,cache_reuse,ok,0.0036330415769231217,0.6171933000041463,0.0010968000060529448,0.6182901000101992,73.02161930003494,0.9982260754182656,adaptive,0.001,0.005,2,16,1.0,64.0,14.0,36.0,36.0,False,0.0,0.0,0.0,0.0,0.0,9.0,0.00032775039807894895,True,2,1,,,,b2_c1,False,C:\Users\mrkys\workspace\sketch_tnc\outputs\paper_strengthened\main_grid2d_3x3__no_cache__s1\2026-04-14_16-51-26
main_grid2d_3x3,Grid 3x3,grid2d,1,astnc_l2,ASTNC-L2,main_grid2d_3x3__block_b2_c2__s1,cache_reuse,ok,0.00662177955375212,0.5948620000017399,0.00016200000027311035,0.595024000002013,57.55022469652501,0.9997277420721311,adaptive,0.001,0.005,2,16,1.0,107.0,8.0,13.0,17.0,True,64.0,23.0,41.0,0.359375,41.0,4.0,0.0004929036088632918,True,2,2,,,,b2_c2,True,C:\Users\mrkys\workspace\sketch_tnc\outputs\paper_strengthened\main_grid2d_3x3__block_b2_c2__s1\2026-04-14_17-21-06
main_grid2d_3x3,Grid 3x3,grid2d,1,astnc_l2,ASTNC-L2,main_grid2d_3x3__cache_off_b2_c2__s1,cache_reuse,ok,0.00662177955375212,0.7216976999952749,0.00011709999671438709,0.7218147999919893,48.9846859614814,0.9998377700239515,adaptive,0.001,0.005,2,16,1.0,107.0,8.0,15.0,17.0,False,0.0,0.0,0.0,0.0,0.0,4.0,0.00046209713330933597,True,2,2,,,,b2_c2,False,C:\Users\mrkys\workspace\sketch_tnc\outputs\paper_strengthened\main_grid2d_3x3__cache_off_b2_c2__s1\2026-04-14_18-04-03
main_grid2d_3x3,Grid 3x3,grid2d,2,astnc_l2,ASTNC-L2,main_grid2d_3x3__block_b1_c1__s2,cache_reuse,ok,1.498304962841364e-14,6.107898099999147,0.005734999998821877,6.113633099997969,21.880357736878203,0.9990619325847633,adaptive,0.001,0.005,2,16,1.0,81.0,9.0,12.0,12.0,True,51.0,16.0,35.0,0.3137254901960784,35.0,3.0,4.394111399721933e-09,True,1,1,,,,b1_c1,True,C:\Users\mrkys\workspace\sketch_tnc\outputs\paper_strengthened\main_grid2d_3x3__block_b1_c1__s2\2026-04-14_17-11-45
main_grid2d_3x3,Grid 3x3,grid2d,2,astnc_l2,ASTNC-L2,main_grid2d_3x3__cache_off_b1_c1__s2,cache_reuse,ok,1.498304962841364e-14,0.3869623999999021,0.00015239999629557133,0.3871147999961977,70.80742405148061,0.9996063183394263,adaptive,0.001,0.005,2,16,1.0,81.0,9.0,12.0,12.0,False,0.0,0.0,0.0,0.0,0.0,3.0,4.394111399721933e-09,True,1,1,,,,b1_c1,False,C:\Users\mrkys\workspace\sketch_tnc\outputs\paper_strengthened\main_grid2d_3x3__cache_off_b1_c1__s2\2026-04-14_18-04-40
main_grid2d_3x3,Grid 3x3,grid2d,2,astnc_l2,ASTNC-L2,main_grid2d_3x3__astnc_l2__s2,cache_reuse,ok,0.004138565325776238,0.5201605000074778,0.00013019999096286483,0.5202906999984407,86.48337439061369,0.9997497552964852,adaptive,0.001,0.005,2,16,1.0,64.0,14.0,30.0,36.0,True,141.0,62.0,79.0,0.4397163120567376,79.0,9.0,0.0003810071516455509,True,2,1,,,,b2_c1,True,C:\Users\mrkys\workspace\sketch_tnc\outputs\paper_strengthened\main_grid2d_3x3__astnc_l2__s2\2026-04-14_16-45-00
main_grid2d_3x3,Grid 3x3,grid2d,2,no_cache,no-cache,main_grid2d_3x3__no_cache__s2,cache_reuse,ok,0.004138565325776238,0.6367864999992889,0.00022030000400263816,0.6370068000032916,70.3423588251875,0.9996541638095525,adaptive,0.001,0.005,2,16,1.0,64.0,14.0,36.0,36.0,False,0.0,0.0,0.0,0.0,0.0,9.0,0.00034925655567508835,True,2,1,,,,b2_c1,False,C:\Users\mrkys\workspace\sketch_tnc\outputs\paper_strengthened\main_grid2d_3x3__no_cache__s2\2026-04-14_16-53-17
main_grid2d_3x3,Grid 3x3,grid2d,2,astnc_l2,ASTNC-L2,main_grid2d_3x3__block_b2_c2__s2,cache_reuse,ok,0.0018562074952763671,0.5423987999965902,9.349999891128391e-05,0.5424922999955015,61.90720476623767,0.9998276473234516,adaptive,0.001,0.005,2,16,1.0,108.0,8.0,14.0,16.0,True,64.0,23.0,41.0,0.359375,41.0,4.0,0.0001968829741558494,True,2,2,,,,b2_c2,True,C:\Users\mrkys\workspace\sketch_tnc\outputs\paper_strengthened\main_grid2d_3x3__block_b2_c2__s2\2026-04-14_17-21-42
main_grid2d_3x3,Grid 3x3,grid2d,2,astnc_l2,ASTNC-L2,main_grid2d_3x3__cache_off_b2_c2__s2,cache_reuse,ok,0.0018562074952763671,0.5103801000004751,0.00021209999977145344,0.5105922000002465,70.48581137727213,0.9995845999982551,adaptive,0.001,0.005,2,16,1.0,108.0,8.0,16.0,16.0,False,0.0,0.0,0.0,0.0,0.0,4.0,0.0001845777882711088,True,2,2,,,,b2_c2,False,C:\Users\mrkys\workspace\sketch_tnc\outputs\paper_strengthened\main_grid2d_3x3__cache_off_b2_c2__s2\2026-04-14_18-05-09
