analysis,case_id,case,family,size_token,seed,method_key,method,status,rel_error,contract_time_sec,emit_time_sec,total_time_sec,exact_total_time_sec,speedup_vs_exact,t_contract_ratio,peak_rank,num_implicit_merge_sketches,cache_hit_rate,num_cached_states,mean_merge_residual_ratio,mean_leaf_residual_ratio,leaf_tol,merge_tol,rank_policy,target_rank,max_rank,cache_enabled,block_enabled,block_labels,chunk_size,run_name,run_dir,error_message
scale_trend,grid2d_2x3,Grid 2x3,grid2d,2x3,0,astnc_l2,ASTNC-L2,ok,2.7011489363047325e-15,0.05221419999816135,4.2499998926359694e-05,0.05225669999708771,0.03176840000287484,0.6079297009577218,0.9991867071604614,16.0,0.0,0.4367816091954023,49.0,8.937259510572102e-10,0.0,0.001,0.005,adaptive,2,16.0,True,true,2,1,grid2d_2x3__astnc_l2__s0,C:\Users\mrkys\workspace\sketch_tnc\outputs\paper_strengthened\grid2d_2x3__astnc_l2__s0\2026-04-14_12-09-22,
scale_trend,grid2d_2x3,Grid 2x3,grid2d,2x3,1,astnc_l2,ASTNC-L2,ok,2.5535159590352855e-15,0.016604000001279928,2.3300000066228677e-05,0.016627300001346157,0.016213100002460124,0.9750891606077001,0.9985986900421031,16.0,0.0,0.4367816091954023,49.0,2.392944913787237e-09,0.0,0.001,0.005,adaptive,2,16.0,True,true,2,1,grid2d_2x3__astnc_l2__s1,C:\Users\mrkys\workspace\sketch_tnc\outputs\paper_strengthened\grid2d_2x3__astnc_l2__s1\2026-04-14_12-09-28,
scale_trend,grid2d_2x3,Grid 2x3,grid2d,2x3,2,astnc_l2,ASTNC-L2,ok,2.736335153996921e-15,0.015088700000887911,2.0799999219889287e-05,0.0151095000001078,0.016180700001314108,1.0708957940453203,0.9986233826256088,16.0,0.0,0.4367816091954023,49.0,2.5302385518190315e-09,0.0,0.001,0.005,adaptive,2,16.0,True,true,2,1,grid2d_2x3__astnc_l2__s2,C:\Users\mrkys\workspace\sketch_tnc\outputs\paper_strengthened\grid2d_2x3__astnc_l2__s2\2026-04-14_12-09-29,
scale_trend,grid2d_2x3,Grid 2x3,grid2d,2x3,0,exact,exact,ok,,0.017057600000953244,2.2999998691375367e-05,0.01708059999964462,,,0.998653443105599,,,,,,,,,,,,,true,2,1,grid2d_2x3__exact__s0,C:\Users\mrkys\workspace\sketch_tnc\outputs\paper_strengthened\grid2d_2x3__exact__s0\2026-04-14_12-09-30,
scale_trend,grid2d_2x3,Grid 2x3,grid2d,2x3,1,exact,exact,ok,,0.016460499999084277,2.109999786625849e-05,0.016481599996950536,,,0.9987197845555722,,,,,,,,,,,,,true,2,1,grid2d_2x3__exact__s1,C:\Users\mrkys\workspace\sketch_tnc\outputs\paper_strengthened\grid2d_2x3__exact__s1\2026-04-14_12-09-31,
scale_trend,grid2d_2x3,Grid 2x3,grid2d,2x3,2,exact,exact,ok,,0.017785400000320806,2.3299999156733975e-05,0.01780869999947754,,,0.9986916507012804,,,,,,,,,,,,,true,2,1,grid2d_2x3__exact__s2,C:\Users\mrkys\workspace\sketch_tnc\outputs\paper_strengthened\grid2d_2x3__exact__s2\2026-04-14_12-09-32,
scale_trend,grid2d_2x3,Grid 2x3,grid2d,2x3,0,fixed_rank,fixed-rank,ok,0.5850866505215644,0.012774600000739156,2.150000091205584e-05,0.012796100001651212,0.014652899999418878,1.1451067119187062,0.9983198004151577,9.0,9.0,0.4367816091954023,49.0,0.0,0.0,0.0,0.0,fixed,4,4.0,True,true,2,1,grid2d_2x3__fixed_rank__s0,C:\Users\mrkys\workspace\sketch_tnc\outputs\paper_strengthened\grid2d_2x3__fixed_rank__s0\2026-04-14_12-09-32,
scale_trend,grid2d_2x3,Grid 2x3,grid2d,2x3,1,fixed_rank,fixed-rank,ok,0.6373433354656992,0.012683299998570874,2.1000001652282663e-05,0.012704300000223157,0.014914900002622744,1.1740040774530476,0.9983470161559266,9.0,9.0,0.4367816091954023,49.0,0.0,0.0,0.0,0.0,fixed,4,4.0,True,true,2,1,grid2d_2x3__fixed_rank__s1,C:\Users\mrkys\workspace\sketch_tnc\outputs\paper_strengthened\grid2d_2x3__fixed_rank__s1\2026-04-14_12-09-33,
scale_trend,grid2d_2x3,Grid 2x3,grid2d,2x3,2,fixed_rank,fixed-rank,ok,0.7369432085938215,0.013612799999464187,1.9299998712085653e-05,0.013632099998176272,0.014243099998566322,1.044820680557432,0.998584224021739,9.0,9.0,0.4367816091954023,49.0,0.0,0.0,0.0,0.0,fixed,4,4.0,True,true,2,1,grid2d_2x3__fixed_rank__s2,C:\Users\mrkys\workspace\sketch_tnc\outputs\paper_strengthened\grid2d_2x3__fixed_rank__s2\2026-04-14_12-09-34,
mechanism_internal,grid2d_3x3,Grid 3x3,grid2d,3x3,0,astnc_l2,ASTNC-L2,ok,0.004461158998039425,0.7192390999989584,0.00020450000010896474,0.7194435999990674,45.482191000002786,63.21856362333132,0.9997157525605774,64.0,13.0,0.4397163120567376,79.0,0.00047029104248323943,0.0,0.001,0.005,adaptive,2,16.0,True,true,2,1,grid2d_3x3__astnc_l2__s0,C:\Users\mrkys\workspace\sketch_tnc\outputs\paper_strengthened\grid2d_3x3__astnc_l2__s0\2026-04-14_12-09-35,
mechanism_internal,grid2d_3x3,Grid 3x3,grid2d,3x3,1,astnc_l2,ASTNC-L2,ok,0.0036330415769231217,0.27513550000094256,0.0001067000011971686,0.2752422000021397,48.56434840000111,176.44223305673015,0.9996123414135044,64.0,14.0,0.4397163120567376,79.0,0.0003575458888133989,0.0,0.001,0.005,adaptive,2,16.0,True,true,2,1,grid2d_3x3__astnc_l2__s1,C:\Users\mrkys\workspace\sketch_tnc\outputs\paper_strengthened\grid2d_3x3__astnc_l2__s1\2026-04-14_12-10-22,
mechanism_internal,grid2d_3x3,Grid 3x3,grid2d,3x3,2,astnc_l2,ASTNC-L2,ok,0.004138565325776238,0.26385540000046603,0.00013029999900027178,0.2639856999994663,22.14978560000054,83.90524789775135,0.9995064126579583,64.0,14.0,0.4397163120567376,79.0,0.0003810071516455509,0.0,0.001,0.005,adaptive,2,16.0,True,true,2,1,grid2d_3x3__astnc_l2__s2,C:\Users\mrkys\workspace\sketch_tnc\outputs\paper_strengthened\grid2d_3x3__astnc_l2__s2\2026-04-14_12-11-11,
blockwise_sensitivity,grid2d_3x3,Grid 3x3,grid2d,3x3,0,block_b1_c1,block-b1-c1,ok,9.839437863184022e-15,0.18929990000015096,4.7700000322947744e-05,0.1893476000004739,14.324972100001105,75.65436319176793,0.9997480823558229,81.0,9.0,0.3137254901960784,35.0,2.7888871311862296e-09,0.0,0.001,0.005,adaptive,2,16.0,True,true,1,1,grid2d_3x3__block_b1_c1__s0,C:\Users\mrkys\workspace\sketch_tnc\outputs\paper_strengthened\grid2d_3x3__block_b1_c1__s0\2026-04-14_12-11-34,
blockwise_sensitivity,grid2d_3x3,Grid 3x3,grid2d,3x3,1,block_b1_c1,block-b1-c1,ok,5.931709881420245e-13,0.19875219999994442,4.810000064026099e-05,0.19880030000058468,14.313443900000493,71.99910613759837,0.9997580486466072,81.0,9.0,0.3137254901960784,35.0,3.2118673268055715e-09,0.0,0.001,0.005,adaptive,2,16.0,True,true,1,1,grid2d_3x3__block_b1_c1__s1,C:\Users\mrkys\workspace\sketch_tnc\outputs\paper_strengthened\grid2d_3x3__block_b1_c1__s1\2026-04-14_12-11-50,
blockwise_sensitivity,grid2d_3x3,Grid 3x3,grid2d,3x3,2,block_b1_c1,block-b1-c1,ok,1.498304962841364e-14,0.18742810000094323,8.150000030582305e-05,0.18750960000124905,14.329943900000217,76.42245463607377,0.9995653555801685,81.0,9.0,0.3137254901960784,35.0,4.394111399721933e-09,0.0,0.001,0.005,adaptive,2,16.0,True,true,1,1,grid2d_3x3__block_b1_c1__s2,C:\Users\mrkys\workspace\sketch_tnc\outputs\paper_strengthened\grid2d_3x3__block_b1_c1__s2\2026-04-14_12-12-05,
blockwise_sensitivity,grid2d_3x3,Grid 3x3,grid2d,3x3,0,block_b1_c2,block-b1-c2,ok,0.006611178565334425,0.17636559999937163,4.549999994196696e-05,0.1764110999993136,11.737367299999278,66.53417670417798,0.9997420797164017,160.0,6.0,0.23529411764705882,26.0,0.0006846007380254245,0.0,0.001,0.005,adaptive,2,16.0,True,true,1,2,grid2d_3x3__block_b1_c2__s0,C:\Users\mrkys\workspace\sketch_tnc\outputs\paper_strengthened\grid2d_3x3__block_b1_c2__s0\2026-04-14_12-12-20,
blockwise_sensitivity,grid2d_3x3,Grid 3x3,grid2d,3x3,1,block_b1_c2,block-b1-c2,ok,0.009586943276855003,0.19546669999999722,8.53000001370674e-05,0.19555200000013429,11.731742799999665,59.99295737160252,0.9995637988814403,159.0,6.0,0.23529411764705882,26.0,0.0006212591013449067,0.0,0.001,0.005,adaptive,2,16.0,True,true,1,2,grid2d_3x3__block_b1_c2__s1,C:\Users\mrkys\workspace\sketch_tnc\outputs\paper_strengthened\grid2d_3x3__block_b1_c2__s1\2026-04-14_12-12-33,
blockwise_sensitivity,grid2d_3x3,Grid 3x3,grid2d,3x3,2,block_b1_c2,block-b1-c2,ok,0.007379652681178154,0.17396919999919191,4.9500000386615284e-05,0.17401869999957853,11.7585724999999,67.5707409603727,0.9997155478038483,160.0,6.0,0.23529411764705882,26.0,0.0006542146787776178,0.0,0.001,0.005,adaptive,2,16.0,True,true,1,2,grid2d_3x3__block_b1_c2__s2,C:\Users\mrkys\workspace\sketch_tnc\outputs\paper_strengthened\grid2d_3x3__block_b1_c2__s2\2026-04-14_12-12-46,
blockwise_sensitivity,grid2d_3x3,Grid 3x3,grid2d,3x3,0,block_b2_c1,block-b2-c1,ok,0.004461158998039425,0.6624624999994921,0.0002046999989033793,0.6626671999983955,26.787069500000143,40.4231105749984,0.9996910968282366,64.0,13.0,0.4397163120567376,79.0,0.00047029104248323943,0.0,0.001,0.005,adaptive,2,16.0,True,true,2,1,grid2d_3x3__block_b2_c1__s0,C:\Users\mrkys\workspace\sketch_tnc\outputs\paper_strengthened\grid2d_3x3__block_b2_c1__s0\2026-04-14_12-12-58,
blockwise_sensitivity,grid2d_3x3,Grid 3x3,grid2d,3x3,1,block_b2_c1,block-b2-c1,ok,0.0036330415769231217,0.27261600000019826,0.0001391000014336896,0.27275510000163194,26.253669199998512,96.25363265341393,0.9994900186928408,64.0,14.0,0.4397163120567376,79.0,0.0003575458888133989,0.0,0.001,0.005,adaptive,2,16.0,True,true,2,1,grid2d_3x3__block_b2_c1__s1,C:\Users\mrkys\workspace\sketch_tnc\outputs\paper_strengthened\grid2d_3x3__block_b2_c1__s1\2026-04-14_12-13-26,
blockwise_sensitivity,grid2d_3x3,Grid 3x3,grid2d,3x3,2,block_b2_c1,block-b2-c1,ok,0.004138565325776238,0.6710078999994948,0.00022140000055514975,0.67122930000005,48.58107680000285,72.37627558857585,0.9996701574237674,64.0,14.0,0.4397163120567376,79.0,0.0003810071516455509,0.0,0.001,0.005,adaptive,2,16.0,True,true,2,1,grid2d_3x3__block_b2_c1__s2,C:\Users\mrkys\workspace\sketch_tnc\outputs\paper_strengthened\grid2d_3x3__block_b2_c1__s2\2026-04-14_12-13-54,
blockwise_sensitivity,grid2d_3x3,Grid 3x3,grid2d,3x3,0,block_b2_c2,block-b2-c2,ok,0.002969929573277492,0.5156401000003825,9.520000003249152e-05,0.515735300000415,34.459566200000154,66.81638080601736,0.9998154091817407,108.0,8.0,0.359375,41.0,0.00020947721268155115,0.0,0.001,0.005,adaptive,2,16.0,True,true,2,2,grid2d_3x3__block_b2_c2__s0,C:\Users\mrkys\workspace\sketch_tnc\outputs\paper_strengthened\grid2d_3x3__block_b2_c2__s0\2026-04-14_12-14-44,
blockwise_sensitivity,grid2d_3x3,Grid 3x3,grid2d,3x3,1,block_b2_c2,block-b2-c2,ok,0.00662177955375212,0.5282719999995606,0.0001765000006344053,0.528448500000195,35.62362429999939,67.41172375343828,0.9996660034012133,107.0,8.0,0.359375,41.0,0.0004929036088632918,0.0,0.001,0.005,adaptive,2,16.0,True,true,2,2,grid2d_3x3__block_b2_c2__s1,C:\Users\mrkys\workspace\sketch_tnc\outputs\paper_strengthened\grid2d_3x3__block_b2_c2__s1\2026-04-14_12-15-20,
blockwise_sensitivity,grid2d_3x3,Grid 3x3,grid2d,3x3,2,block_b2_c2,block-b2-c2,ok,0.0018562074952763671,0.5883835000004183,9.299999874201603e-05,0.5884764999991603,35.37690029999885,60.11607991141399,0.9998419648027713,108.0,8.0,0.359375,41.0,0.0001968829741558494,0.0,0.001,0.005,adaptive,2,16.0,True,true,2,2,grid2d_3x3__block_b2_c2__s2,C:\Users\mrkys\workspace\sketch_tnc\outputs\paper_strengthened\grid2d_3x3__block_b2_c2__s2\2026-04-14_12-15-57,
blockwise_sensitivity,grid2d_3x3,Grid 3x3,grid2d,3x3,0,block_b3_c1,block-b3-c1,ok,0.005497649065200968,1.332731799998328,0.0005326999998942483,1.3332644999982222,98.88417380000101,74.16695921931371,0.999600454372786,64.0,1.0,0.4943820224719101,135.0,0.0009456065341779049,0.0,0.001,0.005,adaptive,2,16.0,True,true,3,1,grid2d_3x3__block_b3_c1__s0,C:\Users\mrkys\workspace\sketch_tnc\outputs\paper_strengthened\grid2d_3x3__block_b3_c1__s0\2026-04-14_12-16-34,
blockwise_sensitivity,grid2d_3x3,Grid 3x3,grid2d,3x3,1,block_b3_c1,block-b3-c1,ok,0.005530590195327655,0.5851763000000574,0.00018360000194661552,0.585359900002004,66.97970770000302,114.42483111613777,0.9996863468048535,64.0,0.0,0.4943820224719101,135.0,0.0010555064495925699,0.0,0.001,0.005,adaptive,2,16.0,True,true,3,1,grid2d_3x3__block_b3_c1__s1,C:\Users\mrkys\workspace\sketch_tnc\outputs\paper_strengthened\grid2d_3x3__block_b3_c1__s1\2026-04-14_12-18-15,
blockwise_sensitivity,grid2d_3x3,Grid 3x3,grid2d,3x3,2,block_b3_c1,block-b3-c1,ok,0.005735805431961293,0.5699343000023873,0.00012690000039583538,0.5700612000027832,40.10658899999362,70.35488294893155,0.9997773923196405,64.0,0.0,0.4943820224719101,135.0,0.0010849048656300384,0.0,0.001,0.005,adaptive,2,16.0,True,true,3,1,grid2d_3x3__block_b3_c1__s2,C:\Users\mrkys\workspace\sketch_tnc\outputs\paper_strengthened\grid2d_3x3__block_b3_c1__s2\2026-04-14_12-19-23,
blockwise_sensitivity,grid2d_3x3,Grid 3x3,grid2d,3x3,0,block_b3_c2,block-b3-c2,ok,0.0031171106409455477,0.2815807000015411,0.00012690000039583538,0.28170760000193695,22.186351500000455,78.75666648599169,0.9995495329149995,108.0,8.0,0.41304347826086957,54.0,0.0002491897434306949,0.0,0.001,0.005,adaptive,2,16.0,True,true,3,2,grid2d_3x3__block_b3_c2__s0,C:\Users\mrkys\workspace\sketch_tnc\outputs\paper_strengthened\grid2d_3x3__block_b3_c2__s0\2026-04-14_12-20-04,
blockwise_sensitivity,grid2d_3x3,Grid 3x3,grid2d,3x3,1,block_b3_c2,block-b3-c2,ok,0.007211800706795689,0.34601220000058674,0.00012139999853388872,0.34613359999912063,22.06799580000188,63.75571686768979,0.9996492683763326,107.0,5.0,0.41304347826086957,54.0,0.0007321339472983995,0.0,0.001,0.005,adaptive,2,16.0,True,true,3,2,grid2d_3x3__block_b3_c2__s1,C:\Users\mrkys\workspace\sketch_tnc\outputs\paper_strengthened\grid2d_3x3__block_b3_c2__s1\2026-04-14_12-20-28,
blockwise_sensitivity,grid2d_3x3,Grid 3x3,grid2d,3x3,2,block_b3_c2,block-b3-c2,ok,0.002764615842289788,0.35542460000033316,0.00012450000122044003,0.3555491000015536,21.935657800000627,61.695157714765934,0.9996498373861177,108.0,5.0,0.41304347826086957,54.0,0.00045856696750456907,0.0,0.001,0.005,adaptive,2,16.0,True,true,3,2,grid2d_3x3__block_b3_c2__s2,C:\Users\mrkys\workspace\sketch_tnc\outputs\paper_strengthened\grid2d_3x3__block_b3_c2__s2\2026-04-14_12-20-51,
blockwise_sensitivity,grid2d_3x3,Grid 3x3,grid2d,3x3,0,block_disabled,block-disabled,ok,0.010290543385193172,0.21264090000022406,3.6100000215810724e-05,0.21267700000043988,8.420615300000463,39.59344592947735,0.9998302590255854,223.0,4.0,0.0,17.0,0.0013626737869692398,0.0,0.001,0.005,adaptive,2,16.0,True,false,2,1,grid2d_3x3__block_disabled__s0,C:\Users\mrkys\workspace\sketch_tnc\outputs\paper_strengthened\grid2d_3x3__block_disabled__s0\2026-04-14_12-21-14,
blockwise_sensitivity,grid2d_3x3,Grid 3x3,grid2d,3x3,1,block_disabled,block-disabled,ok,0.011484508528423119,0.21152549999987968,3.370000013092067e-05,0.2115592000000106,8.328017400000135,39.36495033050017,0.999840706520299,220.0,4.0,0.0,17.0,0.0013669477640096532,0.0,0.001,0.005,adaptive,2,16.0,True,false,2,1,grid2d_3x3__block_disabled__s1,C:\Users\mrkys\workspace\sketch_tnc\outputs\paper_strengthened\grid2d_3x3__block_disabled__s1\2026-04-14_12-21-23,
blockwise_sensitivity,grid2d_3x3,Grid 3x3,grid2d,3x3,2,block_disabled,block-disabled,ok,0.01014361540944283,0.2185311000002912,3.620000006776536e-05,0.21856730000035896,8.465595100000428,38.73221245789188,0.9998343759516288,223.0,4.0,0.0,17.0,0.0013671071413069796,0.0,0.001,0.005,adaptive,2,16.0,True,false,2,1,grid2d_3x3__block_disabled__s2,C:\Users\mrkys\workspace\sketch_tnc\outputs\paper_strengthened\grid2d_3x3__block_disabled__s2\2026-04-14_12-21-32,
scale_trend,grid2d_3x3,Grid 3x3,grid2d,3x3,0,exact,exact,ok,,21.870731500000147,6.550000125571387e-05,21.870797000001403,,,0.9999970051387586,,,,,,,,,,,,,true,2,1,grid2d_3x3__exact__s0,C:\Users\mrkys\workspace\sketch_tnc\outputs\paper_strengthened\grid2d_3x3__exact__s0\2026-04-14_12-21-42,
scale_trend,grid2d_3x3,Grid 3x3,grid2d,3x3,1,exact,exact,ok,,21.78772300000128,5.949999740550993e-05,21.787782499998684,,,0.9999972691117875,,,,,,,,,,,,,true,2,1,grid2d_3x3__exact__s1,C:\Users\mrkys\workspace\sketch_tnc\outputs\paper_strengthened\grid2d_3x3__exact__s1\2026-04-14_12-22-04,
scale_trend,grid2d_3x3,Grid 3x3,grid2d,3x3,2,exact,exact,ok,,22.705506700000115,5.7300000662507955e-05,22.705564000000777,,,0.9999974763894145,,,,,,,,,,,,,true,2,1,grid2d_3x3__exact__s2,C:\Users\mrkys\workspace\sketch_tnc\outputs\paper_strengthened\grid2d_3x3__exact__s2\2026-04-14_12-22-27,
mechanism_internal,grid2d_3x3,Grid 3x3,grid2d,3x3,0,fixed_rank,fixed-rank,ok,0.9801624658690081,0.036744800000633404,8.690000140632037e-05,0.036831700002039724,21.77138070000092,591.1044208712638,0.9976406192926434,4.0,45.0,0.4397163120567376,79.0,0.0,0.0,0.0,0.0,fixed,4,4.0,True,true,2,1,grid2d_3x3__fixed_rank__s0,C:\Users\mrkys\workspace\sketch_tnc\outputs\paper_strengthened\grid2d_3x3__fixed_rank__s0\2026-04-14_12-22-50,
mechanism_internal,grid2d_3x3,Grid 3x3,grid2d,3x3,1,fixed_rank,fixed-rank,ok,0.9796896242282239,0.033706999998685205,0.00010019999899668619,0.03380719999768189,21.633918399998947,639.9204430074786,0.9970361343145664,4.0,45.0,0.4397163120567376,79.0,0.0,0.0,0.0,0.0,fixed,4,4.0,True,true,2,1,grid2d_3x3__fixed_rank__s1,C:\Users\mrkys\workspace\sketch_tnc\outputs\paper_strengthened\grid2d_3x3__fixed_rank__s1\2026-04-14_12-23-13,
mechanism_internal,grid2d_3x3,Grid 3x3,grid2d,3x3,2,fixed_rank,fixed-rank,ok,0.9768860698784515,0.03844059999937599,0.00010119999933522195,0.03854179999871121,22.53363740000077,584.654515361753,0.9973742793451271,4.0,45.0,0.4397163120567376,79.0,0.0,0.0,0.0,0.0,fixed,4,4.0,True,true,2,1,grid2d_3x3__fixed_rank__s2,C:\Users\mrkys\workspace\sketch_tnc\outputs\paper_strengthened\grid2d_3x3__fixed_rank__s2\2026-04-14_12-23-35,
mechanism_internal,grid2d_3x3,Grid 3x3,grid2d,3x3,0,no_blockwise,no-blockwise,ok,0.010290543385193172,0.22968659999969532,4.369999987829942e-05,0.22973029999957362,8.572858099999394,37.317054389333876,0.9998097769389662,223.0,4.0,0.0,17.0,0.0013626737869692398,0.0,0.001,0.005,adaptive,2,16.0,True,false,2,1,grid2d_3x3__no_blockwise__s0,C:\Users\mrkys\workspace\sketch_tnc\outputs\paper_strengthened\grid2d_3x3__no_blockwise__s0\2026-04-14_12-23-58,
mechanism_internal,grid2d_3x3,Grid 3x3,grid2d,3x3,1,no_blockwise,no-blockwise,ok,0.011484508528423119,0.22908730000017385,4.549999994196696e-05,0.22913280000011582,8.814012199999524,38.46682884317131,0.9998014251955994,220.0,4.0,0.0,17.0,0.0013669477640096532,0.0,0.001,0.005,adaptive,2,16.0,True,false,2,1,grid2d_3x3__no_blockwise__s1,C:\Users\mrkys\workspace\sketch_tnc\outputs\paper_strengthened\grid2d_3x3__no_blockwise__s1\2026-04-14_12-24-08,
mechanism_internal,grid2d_3x3,Grid 3x3,grid2d,3x3,2,no_blockwise,no-blockwise,ok,0.01014361540944283,0.24121540000032837,6.539999958476983e-05,0.24128079999991314,8.471315099999629,35.1097770728859,0.999728946519638,223.0,4.0,0.0,17.0,0.0013671071413069796,0.0,0.001,0.005,adaptive,2,16.0,True,false,2,1,grid2d_3x3__no_blockwise__s2,C:\Users\mrkys\workspace\sketch_tnc\outputs\paper_strengthened\grid2d_3x3__no_blockwise__s2\2026-04-14_12-24-18,
mechanism_internal,grid2d_3x3,Grid 3x3,grid2d,3x3,0,no_cache,no-cache,ok,0.004461158998039425,0.31554399999822635,0.00010940000174741726,0.31565339999997377,22.23603600000115,70.44446852127224,0.9996534173154888,64.0,13.0,0.0,0.0,0.0004311001222763028,0.0,0.001,0.005,adaptive,2,16.0,False,true,2,1,grid2d_3x3__no_cache__s0,C:\Users\mrkys\workspace\sketch_tnc\outputs\paper_strengthened\grid2d_3x3__no_cache__s0\2026-04-14_12-24-27,
mechanism_internal,grid2d_3x3,Grid 3x3,grid2d,3x3,1,no_cache,no-cache,ok,0.0036330415769231217,0.2883057999988523,0.00010109999766427791,0.2884068999965166,22.03670030000103,76.40836713750879,0.9996494536064666,64.0,14.0,0.0,0.0,0.00032775039807894895,0.0,0.001,0.005,adaptive,2,16.0,False,true,2,1,grid2d_3x3__no_cache__s1,C:\Users\mrkys\workspace\sketch_tnc\outputs\paper_strengthened\grid2d_3x3__no_cache__s1\2026-04-14_12-24-50,
mechanism_internal,grid2d_3x3,Grid 3x3,grid2d,3x3,2,no_cache,no-cache,ok,0.004138565325776238,0.2951924999988478,7.749999986117473e-05,0.29526999999870895,21.726559999999154,73.58200968611972,0.9997375283609536,64.0,14.0,0.0,0.0,0.00034925655567508835,0.0,0.001,0.005,adaptive,2,16.0,False,true,2,1,grid2d_3x3__no_cache__s2,C:\Users\mrkys\workspace\sketch_tnc\outputs\paper_strengthened\grid2d_3x3__no_cache__s2\2026-04-14_12-25-14,
mechanism_internal,grid2d_3x3,Grid 3x3,grid2d,3x3,0,no_implicit,no-implicit,ok,0.004461158998039449,0.5898326000005909,0.00011779999931604834,0.589950399999907,21.910087100000965,37.138863029785696,0.9998003221960425,64.0,0.0,0.4397163120567376,79.0,0.00047029065159067345,0.0,0.001,0.005,adaptive,2,16.0,True,true,2,1,grid2d_3x3__no_implicit__s0,C:\Users\mrkys\workspace\sketch_tnc\outputs\paper_strengthened\grid2d_3x3__no_implicit__s0\2026-04-14_12-25-40,
mechanism_internal,grid2d_3x3,Grid 3x3,grid2d,3x3,1,no_implicit,no-implicit,ok,0.0036330415769231534,0.5931721999995716,0.00012139999853388872,0.5932935999981055,21.778166400002192,36.70723297880683,0.9997953795565399,64.0,0.0,0.4397163120567376,79.0,0.0003575457244169646,0.0,0.001,0.005,adaptive,2,16.0,True,true,2,1,grid2d_3x3__no_implicit__s1,C:\Users\mrkys\workspace\sketch_tnc\outputs\paper_strengthened\grid2d_3x3__no_implicit__s1\2026-04-14_12-26-03,
mechanism_internal,grid2d_3x3,Grid 3x3,grid2d,3x3,2,no_implicit,no-implicit,ok,0.004138565325776272,0.5880084000000352,7.169999935285887e-05,0.588080099999388,21.927622299997893,37.28679528517191,0.9998780778326749,64.0,0.0,0.4397163120567376,79.0,0.0003810070919173025,0.0,0.001,0.005,adaptive,2,16.0,True,true,2,1,grid2d_3x3__no_implicit__s2,C:\Users\mrkys\workspace\sketch_tnc\outputs\paper_strengthened\grid2d_3x3__no_implicit__s2\2026-04-14_12-26-26,
pareto_sweep,grid2d_3x3,Grid 3x3,grid2d,3x3,0,pareto_s1,pareto-s1,ok,1.2609263594240744e-14,0.22240749999946274,0.00010470000052009709,0.22251219999998284,21.86369620000096,98.25841549319267,0.9995294639955937,64.0,18.0,0.4397163120567376,79.0,2.5878292557986746e-09,0.0,0.0002,0.0008,adaptive,2,16.0,True,true,2,1,grid2d_3x3__pareto_s1__s0,C:\Users\mrkys\workspace\sketch_tnc\outputs\paper_strengthened\grid2d_3x3__pareto_s1__s0\2026-04-14_12-26-49,
pareto_sweep,grid2d_3x3,Grid 3x3,grid2d,3x3,1,pareto_s1,pareto-s1,ok,1.6935466584593964e-14,0.22287129999949684,0.00010449999990669312,0.22297579999940353,22.089667900002496,99.0675575554052,0.9995313392713178,64.0,18.0,0.4397163120567376,79.0,1.6989669295295038e-09,0.0,0.0002,0.0008,adaptive,2,16.0,True,true,2,1,grid2d_3x3__pareto_s1__s1,C:\Users\mrkys\workspace\sketch_tnc\outputs\paper_strengthened\grid2d_3x3__pareto_s1__s1\2026-04-14_12-27-12,
pareto_sweep,grid2d_3x3,Grid 3x3,grid2d,3x3,2,pareto_s1,pareto-s1,ok,1.9581652247937458e-14,0.22115849999863713,0.0001384999995934777,0.2212969999982306,21.977305100000194,99.31135578013532,0.9993741442468991,64.0,18.0,0.4397163120567376,79.0,3.801383761182535e-09,0.0,0.0002,0.0008,adaptive,2,16.0,True,true,2,1,grid2d_3x3__pareto_s1__s2,C:\Users\mrkys\workspace\sketch_tnc\outputs\paper_strengthened\grid2d_3x3__pareto_s1__s2\2026-04-14_12-27-35,
pareto_sweep,grid2d_3x3,Grid 3x3,grid2d,3x3,0,pareto_s2,pareto-s2,ok,2.5922960896179675e-14,0.22595870000077412,0.00011539999923115829,0.22607410000000527,21.952548799999022,97.10333381798891,0.9994895478950014,64.0,18.0,0.4397163120567376,79.0,2.780777418672972e-09,0.0,0.0005,0.002,adaptive,2,16.0,True,true,2,1,grid2d_3x3__pareto_s2__s0,C:\Users\mrkys\workspace\sketch_tnc\outputs\paper_strengthened\grid2d_3x3__pareto_s2__s0\2026-04-14_12-27-58,
pareto_sweep,grid2d_3x3,Grid 3x3,grid2d,3x3,1,pareto_s2,pareto-s2,ok,1.8723660307418475e-14,0.22616289999859873,0.0001346000008197734,0.2262974999994185,22.201356500000657,98.10694550297549,0.9994052077383996,64.0,18.0,0.4397163120567376,79.0,2.5139479744519136e-09,0.0,0.0005,0.002,adaptive,2,16.0,True,true,2,1,grid2d_3x3__pareto_s2__s1,C:\Users\mrkys\workspace\sketch_tnc\outputs\paper_strengthened\grid2d_3x3__pareto_s2__s1\2026-04-14_12-28-21,
pareto_sweep,grid2d_3x3,Grid 3x3,grid2d,3x3,2,pareto_s2,pareto-s2,ok,3.293875730640507e-13,0.2129430000004504,0.00012420000075508142,0.2130672000012055,21.876149599999735,102.67253523664502,0.999417085305698,64.0,18.0,0.4397163120567376,79.0,4.202551126454723e-09,0.0,0.0005,0.002,adaptive,2,16.0,True,true,2,1,grid2d_3x3__pareto_s2__s2,C:\Users\mrkys\workspace\sketch_tnc\outputs\paper_strengthened\grid2d_3x3__pareto_s2__s2\2026-04-14_12-28-44,
pareto_sweep,grid2d_3x3,Grid 3x3,grid2d,3x3,0,pareto_s3,pareto-s3,ok,0.004461158998039425,0.24676850000014383,5.9500000133994035e-05,0.24682800000027783,19.469622400000844,78.8793102885412,0.9997589414445133,64.0,13.0,0.4397163120567376,79.0,0.00047029104248323943,0.0,0.001,0.005,adaptive,2,16.0,True,true,2,1,grid2d_3x3__pareto_s3__s0,C:\Users\mrkys\workspace\sketch_tnc\outputs\paper_strengthened\grid2d_3x3__pareto_s3__s0\2026-04-14_12-29-07,
pareto_sweep,grid2d_3x3,Grid 3x3,grid2d,3x3,1,pareto_s3,pareto-s3,ok,0.0036330415769231217,0.24419579999903362,9.240000235877233e-05,0.2442882000013924,19.334019799998714,79.14430496360188,0.9996217582209952,64.0,14.0,0.4397163120567376,79.0,0.0003575458888133989,0.0,0.001,0.005,adaptive,2,16.0,True,true,2,1,grid2d_3x3__pareto_s3__s1,C:\Users\mrkys\workspace\sketch_tnc\outputs\paper_strengthened\grid2d_3x3__pareto_s3__s1\2026-04-14_12-29-27,
pareto_sweep,grid2d_3x3,Grid 3x3,grid2d,3x3,2,pareto_s3,pareto-s3,ok,0.004138565325776238,0.23756450000200857,0.0001066999984686845,0.23767120000047726,19.084216299997934,80.29671369471485,0.9995510604588691,64.0,14.0,0.4397163120567376,79.0,0.0003810071516455509,0.0,0.001,0.005,adaptive,2,16.0,True,true,2,1,grid2d_3x3__pareto_s3__s2,C:\Users\mrkys\workspace\sketch_tnc\outputs\paper_strengthened\grid2d_3x3__pareto_s3__s2\2026-04-14_12-29-48,
pareto_sweep,grid2d_3x3,Grid 3x3,grid2d,3x3,0,pareto_s4,pareto-s4,ok,0.010928967423769288,0.3222864000026675,0.0001250000013897079,0.3224114000040572,21.840864199999487,67.7422206524239,0.9996122965801217,64.0,9.0,0.4397163120567376,79.0,0.0015824609295275625,0.0,0.002,0.01,adaptive,2,16.0,True,true,2,1,grid2d_3x3__pareto_s4__s0,C:\Users\mrkys\workspace\sketch_tnc\outputs\paper_strengthened\grid2d_3x3__pareto_s4__s0\2026-04-14_12-30-07,
pareto_sweep,grid2d_3x3,Grid 3x3,grid2d,3x3,1,pareto_s4,pareto-s4,ok,0.009741414193565508,0.3266311000006681,0.00011689999973896192,0.32674800000040705,22.200912000001154,67.94505857696315,0.9996422319318299,64.0,9.0,0.4397163120567376,79.0,0.001526513231369111,0.0,0.002,0.01,adaptive,2,16.0,True,true,2,1,grid2d_3x3__pareto_s4__s1,C:\Users\mrkys\workspace\sketch_tnc\outputs\paper_strengthened\grid2d_3x3__pareto_s4__s1\2026-04-14_12-30-30,
pareto_sweep,grid2d_3x3,Grid 3x3,grid2d,3x3,2,pareto_s4,pareto-s4,ok,0.010706408830466701,0.33628699999917444,0.0001283999981751549,0.3364153999973496,22.185731900000974,65.94743254949034,0.9996183290087917,64.0,9.0,0.4397163120567376,79.0,0.0015002272686003796,0.0,0.002,0.01,adaptive,2,16.0,True,true,2,1,grid2d_3x3__pareto_s4__s2,C:\Users\mrkys\workspace\sketch_tnc\outputs\paper_strengthened\grid2d_3x3__pareto_s4__s2\2026-04-14_12-30-54,
pareto_sweep,grid2d_3x3,Grid 3x3,grid2d,3x3,0,pareto_s5,pareto-s5,ok,0.01741521740166041,0.3124160000015763,6.970000049477676e-05,0.3124857000020711,21.785950600000433,69.71823222562288,0.9997769497884413,64.0,9.0,0.4397163120567376,79.0,0.002463308763360486,0.0,0.003,0.015,adaptive,2,16.0,True,true,2,1,grid2d_3x3__pareto_s5__s0,C:\Users\mrkys\workspace\sketch_tnc\outputs\paper_strengthened\grid2d_3x3__pareto_s5__s0\2026-04-14_12-31-17,
pareto_sweep,grid2d_3x3,Grid 3x3,grid2d,3x3,1,pareto_s5,pareto-s5,ok,0.018703417210727272,0.4239659999993819,0.0001413000009051757,0.42410730000028707,22.10192189999998,52.11398601234382,0.9996668295926415,64.0,6.0,0.4397163120567376,79.0,0.0029884905108331617,0.0,0.003,0.015,adaptive,2,16.0,True,true,2,1,grid2d_3x3__pareto_s5__s1,C:\Users\mrkys\workspace\sketch_tnc\outputs\paper_strengthened\grid2d_3x3__pareto_s5__s1\2026-04-14_12-31-40,
pareto_sweep,grid2d_3x3,Grid 3x3,grid2d,3x3,2,pareto_s5,pareto-s5,ok,0.018033436202702455,0.3119581000000835,0.0001235999989148695,0.3120816999989984,21.689187300001322,69.49842717468354,0.9996039498634016,64.0,9.0,0.4397163120567376,79.0,0.0024868680164840708,0.0,0.003,0.015,adaptive,2,16.0,True,true,2,1,grid2d_3x3__pareto_s5__s2,C:\Users\mrkys\workspace\sketch_tnc\outputs\paper_strengthened\grid2d_3x3__pareto_s5__s2\2026-04-14_12-32-03,
pareto_sweep,grid2d_3x3,Grid 3x3,grid2d,3x3,0,pareto_s6,pareto-s6,ok,0.04029066082126233,0.3223711999999068,0.00015939999957481632,0.32253059999948164,22.07399770000029,68.44001065315145,0.9995057833254439,64.0,8.0,0.4397163120567376,79.0,0.00545422710309864,0.0,0.005,0.025,adaptive,2,16.0,True,true,2,1,grid2d_3x3__pareto_s6__s0,C:\Users\mrkys\workspace\sketch_tnc\outputs\paper_strengthened\grid2d_3x3__pareto_s6__s0\2026-04-14_12-32-26,
pareto_sweep,grid2d_3x3,Grid 3x3,grid2d,3x3,1,pareto_s6,pareto-s6,ok,0.038507126878535906,0.5335297999999966,0.00011729999823728576,0.5336470999982339,22.133004600001186,41.474983373905644,0.9997801918173312,63.0,0.0,0.4397163120567376,79.0,0.00734575311804396,0.0,0.005,0.025,adaptive,2,16.0,True,true,2,1,grid2d_3x3__pareto_s6__s1,C:\Users\mrkys\workspace\sketch_tnc\outputs\paper_strengthened\grid2d_3x3__pareto_s6__s1\2026-04-14_12-32-49,
pareto_sweep,grid2d_3x3,Grid 3x3,grid2d,3x3,2,pareto_s6,pareto-s6,ok,0.02909109531481816,0.29571260000011534,0.00011590000030992087,0.29582850000042527,22.019479199997477,74.43325845850346,0.9996082189467569,64.0,9.0,0.4397163120567376,79.0,0.0042753709692423154,0.0,0.005,0.025,adaptive,2,16.0,True,true,2,1,grid2d_3x3__pareto_s6__s2,C:\Users\mrkys\workspace\sketch_tnc\outputs\paper_strengthened\grid2d_3x3__pareto_s6__s2\2026-04-14_12-33-12,
scale_trend,grid2d_3x4,Grid 3x4,grid2d,3x4,0,astnc_l2,ASTNC-L2,timeout,,,,,,,,,,,,,,0.001,0.005,adaptive,2,16,true,true,2,1,grid2d_3x4__astnc_l2__s0,,subprocess timeout after 1200s
scale_trend,grid2d_3x4,Grid 3x4,grid2d,3x4,1,astnc_l2,ASTNC-L2,timeout,,,,,,,,,,,,,,0.001,0.005,adaptive,2,16,true,true,2,1,grid2d_3x4__astnc_l2__s1,,subprocess timeout after 1200s
scale_trend,grid2d_3x4,Grid 3x4,grid2d,3x4,2,astnc_l2,ASTNC-L2,timeout,,,,,,,,,,,,,,0.001,0.005,adaptive,2,16,true,true,2,1,grid2d_3x4__astnc_l2__s2,,subprocess timeout after 1200s
scale_trend,grid2d_3x4,Grid 3x4,grid2d,3x4,0,exact,exact,timeout,,,,,,,,,,,,,,,,,,,,true,2,1,grid2d_3x4__exact__s0,,subprocess timeout after 1200s
scale_trend,grid2d_3x4,Grid 3x4,grid2d,3x4,1,exact,exact,timeout,,,,,,,,,,,,,,,,,,,,true,2,1,grid2d_3x4__exact__s1,,subprocess timeout after 1200s
scale_trend,grid2d_3x4,Grid 3x4,grid2d,3x4,2,exact,exact,timeout,,,,,,,,,,,,,,,,,,,,true,2,1,grid2d_3x4__exact__s2,,subprocess timeout after 1200s
scale_trend,grid2d_3x4,Grid 3x4,grid2d,3x4,0,fixed_rank,fixed-rank,timeout,,,,,,,,,,,,,,0.0,0.0,fixed,4,4,true,true,2,1,grid2d_3x4__fixed_rank__s0,,subprocess timeout after 1200s
scale_trend,grid2d_3x4,Grid 3x4,grid2d,3x4,1,fixed_rank,fixed-rank,timeout,,,,,,,,,,,,,,0.0,0.0,fixed,4,4,true,true,2,1,grid2d_3x4__fixed_rank__s1,,subprocess timeout after 1200s
scale_trend,grid2d_3x4,Grid 3x4,grid2d,3x4,2,fixed_rank,fixed-rank,ok,,0.17090669999015518,0.0015075999981490895,0.17241429998830426,,,0.9912559457119124,4.0,72.0,0.441025641025641,109.0,0.0,0.0,0.0,0.0,fixed,4,4.0,True,true,2,1,grid2d_3x4__fixed_rank__s2,C:\Users\mrkys\workspace\sketch_tnc\outputs\paper_strengthened\grid2d_3x4__fixed_rank__s2\2026-04-14_15-28-58,
scale_trend,random_10,Random-10,random_connected,10,0,astnc_l2,ASTNC-L2,ok,0.009051838602485231,1.3369401000018115,0.000344000003678957,1.3372841000054905,319.1911834000057,238.6861426068376,0.9997427622113526,256.0,9.0,0.39080459770114945,53.0,0.0007420475507140372,0.0,0.001,0.005,adaptive,2,16.0,True,true,2,1,random_10__astnc_l2__s0,C:\Users\mrkys\workspace\sketch_tnc\outputs\paper_strengthened\random_10__astnc_l2__s0\2026-04-14_15-33-35,
scale_trend,random_10,Random-10,random_connected,10,1,astnc_l2,ASTNC-L2,timeout,,,,,,,,,,,,,,0.001,0.005,adaptive,2,16,true,true,2,1,random_10__astnc_l2__s1,,subprocess timeout after 1200s
scale_trend,random_10,Random-10,random_connected,10,2,astnc_l2,ASTNC-L2,ok,0.003913830022231961,0.5728514999973413,0.00022280000121099874,0.5730742999985523,384.74096729999656,671.3631501190982,0.9996112196931338,81.0,18.0,0.4144144144144144,65.0,0.0002881304126585041,0.0,0.001,0.005,adaptive,2,16.0,True,true,2,1,random_10__astnc_l2__s2,C:\Users\mrkys\workspace\sketch_tnc\outputs\paper_strengthened\random_10__astnc_l2__s2\2026-04-14_15-58-57,
scale_trend,random_10,Random-10,random_connected,10,0,exact,exact,ok,,363.7489098000042,0.0002410000015515834,363.74915080000574,,,0.9999993374554909,,,,,,,,,,,,,true,2,1,random_10__exact__s0,C:\Users\mrkys\workspace\sketch_tnc\outputs\paper_strengthened\random_10__exact__s0\2026-04-14_16-05-23,
scale_trend,random_10,Random-10,random_connected,10,1,exact,exact,timeout,,,,,,,,,,,,,,,,,,,,true,2,1,random_10__exact__s1,,subprocess timeout after 1200s
scale_trend,random_10,Random-10,random_connected,10,2,exact,exact,ok,,467.5666525000015,0.0002080000012938399,467.5668605000028,,,0.999999555143831,,,,,,,,,,,,,true,2,1,random_10__exact__s2,C:\Users\mrkys\workspace\sketch_tnc\outputs\paper_strengthened\random_10__exact__s2\2026-04-14_16-31-28,
scale_trend,random_10,Random-10,random_connected,10,0,fixed_rank,fixed-rank,ok,0.9953537084624381,0.09003239999583457,0.00043700000242097303,0.09046939999825554,398.8213414999991,4408.356212191978,0.9951696374307272,4.0,18.0,0.39080459770114945,53.0,0.0,0.0,0.0,0.0,fixed,4,4.0,True,true,2,1,random_10__fixed_rank__s0,C:\Users\mrkys\workspace\sketch_tnc\outputs\paper_strengthened\random_10__fixed_rank__s0\2026-04-14_16-39-16,
scale_trend,random_10,Random-10,random_connected,10,1,fixed_rank,fixed-rank,timeout,,,,,,,,,,,,,,0.0,0.0,fixed,4,4,true,true,2,1,random_10__fixed_rank__s1,,subprocess timeout after 1200s
scale_trend,random_10,Random-10,random_connected,10,2,fixed_rank,fixed-rank,ok,0.9941949138191143,0.19988280000325176,0.0026988000026904047,0.20258160000594216,761.4422686999933,3758.694119672763,0.9866779608631884,4.0,21.0,0.4144144144144144,65.0,0.0,0.0,0.0,0.0,fixed,4,4.0,True,true,2,1,random_10__fixed_rank__s2,C:\Users\mrkys\workspace\sketch_tnc\outputs\paper_strengthened\random_10__fixed_rank__s2\2026-04-14_17-05-56,
scale_trend,random_6,Random-6,random_connected,6,0,astnc_l2,ASTNC-L2,ok,2.86151712866556e-15,0.020030299994687084,2.0800001948373392e-05,0.020051099996635458,0.018090800003847107,0.9022347904095277,0.9989626502809908,16.0,0.0,0.4444444444444444,55.0,9.679229077327714e-10,0.0,0.001,0.005,adaptive,2,16.0,True,true,2,1,random_6__astnc_l2__s0,C:\Users\mrkys\workspace\sketch_tnc\outputs\paper_strengthened\random_6__astnc_l2__s0\2026-04-14_16-14-00,
scale_trend,random_6,Random-6,random_connected,6,1,astnc_l2,ASTNC-L2,ok,0.0009447821299790952,0.017411799999536015,2.189999577240087e-05,0.017433699995308416,0.018957300013425993,1.0873939563856325,0.9987438124565046,9.0,0.0,0.4444444444444444,55.0,7.75428186022132e-05,0.0,0.001,0.005,adaptive,2,16.0,True,true,2,1,random_6__astnc_l2__s1,C:\Users\mrkys\workspace\sketch_tnc\outputs\paper_strengthened\random_6__astnc_l2__s1\2026-04-14_16-14-01,
scale_trend,random_6,Random-6,random_connected,6,2,astnc_l2,ASTNC-L2,ok,2.5801804105530755e-15,0.014702999993460253,2.2999993234407157e-05,0.01472599998669466,0.02202400000169291,1.4955860396643084,0.998438137019311,9.0,0.0,0.4266666666666667,43.0,8.587621003775273e-10,0.0,0.001,0.005,adaptive,2,16.0,True,true,2,1,random_6__astnc_l2__s2,C:\Users\mrkys\workspace\sketch_tnc\outputs\paper_strengthened\random_6__astnc_l2__s2\2026-04-14_16-14-01,
scale_trend,random_6,Random-6,random_connected,6,0,exact,exact,ok,,0.02079080000112299,2.680000034160912e-05,0.020817600001464598,,,0.9987126277122034,,,,,,,,,,,,,true,2,1,random_6__exact__s0,C:\Users\mrkys\workspace\sketch_tnc\outputs\paper_strengthened\random_6__exact__s0\2026-04-14_16-14-02,
scale_trend,random_6,Random-6,random_connected,6,1,exact,exact,ok,,0.021933300005912315,3.0600007448811084e-05,0.021963900013361126,,,0.9986068044186688,,,,,,,,,,,,,true,2,1,random_6__exact__s1,C:\Users\mrkys\workspace\sketch_tnc\outputs\paper_strengthened\random_6__exact__s1\2026-04-14_16-14-03,
scale_trend,random_6,Random-6,random_connected,6,2,exact,exact,ok,,0.024326700000528945,2.449999374221079e-05,0.024351199994271155,,,0.9989938896339003,,,,,,,,,,,,,true,2,1,random_6__exact__s2,C:\Users\mrkys\workspace\sketch_tnc\outputs\paper_strengthened\random_6__exact__s2\2026-04-14_16-14-04,
scale_trend,random_6,Random-6,random_connected,6,0,fixed_rank,fixed-rank,ok,0.8643940209666409,0.02655669999876409,2.559999848017469e-05,0.026582299997244263,0.024392399995122105,0.9176181141862518,0.9990369531800535,4.0,18.0,0.4444444444444444,55.0,0.0,0.0,0.0,0.0,fixed,4,4.0,True,true,2,1,random_6__fixed_rank__s0,C:\Users\mrkys\workspace\sketch_tnc\outputs\paper_strengthened\random_6__fixed_rank__s0\2026-04-14_16-14-05,
scale_trend,random_6,Random-6,random_connected,6,1,fixed_rank,fixed-rank,ok,1.4402086481014765e-15,0.009687100002338411,1.8900005670730025e-05,0.009706000008009141,0.01855029999933322,1.91121986215895,0.9980527501902754,9.0,0.0,0.4444444444444444,55.0,0.0,0.0,0.0,0.0,fixed,4,4.0,True,true,2,1,random_6__fixed_rank__s1,C:\Users\mrkys\workspace\sketch_tnc\outputs\paper_strengthened\random_6__fixed_rank__s1\2026-04-14_16-14-05,
scale_trend,random_6,Random-6,random_connected,6,2,fixed_rank,fixed-rank,ok,0.6832378837254235,0.01052539999363944,1.750000228639692e-05,0.010542899995925836,0.01947910000308184,1.847603601358419,0.9983401148363827,4.0,3.0,0.4266666666666667,43.0,0.0,0.0,0.0,0.0,fixed,4,4.0,True,true,2,1,random_6__fixed_rank__s2,C:\Users\mrkys\workspace\sketch_tnc\outputs\paper_strengthened\random_6__fixed_rank__s2\2026-04-14_16-14-06,
scale_trend,random_8,Random-8,random_connected,8,0,astnc_l2,ASTNC-L2,ok,5.121095894049699e-15,0.05578840000089258,3.319999814266339e-05,0.05582159999903524,0.7481417999842961,13.40237112486607,0.9994052481630293,81.0,3.0,0.4,45.0,1.1206331813065365e-09,0.0,0.001,0.005,adaptive,2,16.0,True,true,2,1,random_8__astnc_l2__s0,C:\Users\mrkys\workspace\sketch_tnc\outputs\paper_strengthened\random_8__astnc_l2__s0\2026-04-14_16-14-07,
scale_trend,random_8,Random-8,random_connected,8,1,astnc_l2,ASTNC-L2,ok,3.535549354709715e-15,0.046120500006509246,3.509999442030676e-05,0.04615560000092955,0.28338000001531327,6.139666692740783,0.9992395289971566,27.0,0.0,0.4444444444444444,75.0,1.7783001094921215e-09,0.0,0.001,0.005,adaptive,2,16.0,True,true,2,1,random_8__astnc_l2__s1,C:\Users\mrkys\workspace\sketch_tnc\outputs\paper_strengthened\random_8__astnc_l2__s1\2026-04-14_16-14-08,
scale_trend,random_8,Random-8,random_connected,8,2,astnc_l2,ASTNC-L2,ok,5.4042095256957383e-14,0.14711550000720308,3.570000626496039e-05,0.14715120001346804,1.1021116000010807,7.489654178101979,0.9997573923470454,81.0,3.0,0.4,45.0,1.8276934857569075e-09,0.0,0.001,0.005,adaptive,2,16.0,True,true,2,1,random_8__astnc_l2__s2,C:\Users\mrkys\workspace\sketch_tnc\outputs\paper_strengthened\random_8__astnc_l2__s2\2026-04-14_16-14-10,
scale_trend,random_8,Random-8,random_connected,8,0,exact,exact,ok,,0.7340480999991996,3.870000728056766e-05,0.7340868000064802,,,0.9999472814273732,,,,,,,,,,,,,true,2,1,random_8__exact__s0,C:\Users\mrkys\workspace\sketch_tnc\outputs\paper_strengthened\random_8__exact__s0\2026-04-14_16-14-12,
scale_trend,random_8,Random-8,random_connected,8,1,exact,exact,ok,,0.28598280000005616,4.640000406652689e-05,0.2860292000041227,,,0.999837778782496,,,,,,,,,,,,,true,2,1,random_8__exact__s1,C:\Users\mrkys\workspace\sketch_tnc\outputs\paper_strengthened\random_8__exact__s1\2026-04-14_16-14-13,
scale_trend,random_8,Random-8,random_connected,8,2,exact,exact,ok,,1.141297800000757,3.750000541913323e-05,1.1413353000061761,,,0.9999671437425803,,,,,,,,,,,,,true,2,1,random_8__exact__s2,C:\Users\mrkys\workspace\sketch_tnc\outputs\paper_strengthened\random_8__exact__s2\2026-04-14_16-14-14,
scale_trend,random_8,Random-8,random_connected,8,0,fixed_rank,fixed-rank,ok,0.935519502694432,0.012480800007324433,2.930000118794851e-05,0.012510100008512381,0.8114624999980151,64.86458936227515,0.9976578922498086,9.0,9.0,0.4,45.0,0.0,0.0,0.0,0.0,fixed,4,4.0,True,true,2,1,random_8__fixed_rank__s0,C:\Users\mrkys\workspace\sketch_tnc\outputs\paper_strengthened\random_8__fixed_rank__s0\2026-04-14_16-14-16,
scale_trend,random_8,Random-8,random_connected,8,1,fixed_rank,fixed-rank,ok,0.861307386204862,0.019843299996864516,3.2500000088475645e-05,0.019875799996952992,0.2928251000084856,14.732745350559156,0.9983648456368135,9.0,18.0,0.4444444444444444,75.0,0.0,0.0,0.0,0.0,fixed,4,4.0,True,true,2,1,random_8__fixed_rank__s1,C:\Users\mrkys\workspace\sketch_tnc\outputs\paper_strengthened\random_8__fixed_rank__s1\2026-04-14_16-14-17,
scale_trend,random_8,Random-8,random_connected,8,2,fixed_rank,fixed-rank,ok,0.9881300222398413,0.03364859999783221,3.489999289740808e-05,0.033683499990729615,1.0874837000083062,32.28535337109619,0.9989638845753566,4.0,12.0,0.4,45.0,0.0,0.0,0.0,0.0,fixed,4,4.0,True,true,2,1,random_8__fixed_rank__s2,C:\Users\mrkys\workspace\sketch_tnc\outputs\paper_strengthened\random_8__fixed_rank__s2\2026-04-14_16-14-18,
scale_trend,ring_10,Ring-10,ring,10,0,astnc_l2,ASTNC-L2,timeout,,,,,,,,,,,,,,0.001,0.005,adaptive,2,16,true,true,2,1,ring_10__astnc_l2__s0,,subprocess timeout after 1200s
scale_trend,ring_10,Ring-10,ring,10,1,astnc_l2,ASTNC-L2,timeout,,,,,,,,,,,,,,0.001,0.005,adaptive,2,16,true,true,2,1,ring_10__astnc_l2__s1,,subprocess timeout after 1200s
scale_trend,ring_10,Ring-10,ring,10,2,astnc_l2,ASTNC-L2,timeout,,,,,,,,,,,,,,0.001,0.005,adaptive,2,16,true,true,2,1,ring_10__astnc_l2__s2,,subprocess timeout after 1200s
scale_trend,ring_10,Ring-10,ring,10,0,exact,exact,timeout,,,,,,,,,,,,,,,,,,,,true,2,1,ring_10__exact__s0,,subprocess timeout after 1200s
scale_trend,ring_10,Ring-10,ring,10,1,exact,exact,timeout,,,,,,,,,,,,,,,,,,,,true,2,1,ring_10__exact__s1,,subprocess timeout after 1200s
scale_trend,ring_10,Ring-10,ring,10,2,exact,exact,timeout,,,,,,,,,,,,,,,,,,,,true,2,1,ring_10__exact__s2,,subprocess timeout after 1200s
scale_trend,ring_10,Ring-10,ring,10,0,fixed_rank,fixed-rank,timeout,,,,,,,,,,,,,,0.0,0.0,fixed,4,4,true,true,2,1,ring_10__fixed_rank__s0,,subprocess timeout after 1200s
scale_trend,ring_10,Ring-10,ring,10,1,fixed_rank,fixed-rank,timeout,,,,,,,,,,,,,,0.0,0.0,fixed,4,4,true,true,2,1,ring_10__fixed_rank__s1,,subprocess timeout after 1200s
scale_trend,ring_10,Ring-10,ring,10,2,fixed_rank,fixed-rank,timeout,,,,,,,,,,,,,,0.0,0.0,fixed,4,4,true,true,2,1,ring_10__fixed_rank__s2,,subprocess timeout after 1200s
scale_trend,ring_12,Ring-12,ring,12,0,astnc_l2,ASTNC-L2,timeout,,,,,,,,,,,,,,0.001,0.005,adaptive,2,16,true,true,2,1,ring_12__astnc_l2__s0,,subprocess timeout after 1200s
scale_trend,ring_12,Ring-12,ring,12,1,astnc_l2,ASTNC-L2,timeout,,,,,,,,,,,,,,0.001,0.005,adaptive,2,16,true,true,2,1,ring_12__astnc_l2__s1,,subprocess timeout after 1200s
scale_trend,ring_12,Ring-12,ring,12,2,astnc_l2,ASTNC-L2,timeout,,,,,,,,,,,,,,0.001,0.005,adaptive,2,16,true,true,2,1,ring_12__astnc_l2__s2,,subprocess timeout after 1200s
scale_trend,ring_12,Ring-12,ring,12,0,exact,exact,timeout,,,,,,,,,,,,,,,,,,,,true,2,1,ring_12__exact__s0,,subprocess timeout after 1200s
scale_trend,ring_12,Ring-12,ring,12,1,exact,exact,timeout,,,,,,,,,,,,,,,,,,,,true,2,1,ring_12__exact__s1,,subprocess timeout after 1200s
scale_trend,ring_12,Ring-12,ring,12,2,exact,exact,timeout,,,,,,,,,,,,,,,,,,,,true,2,1,ring_12__exact__s2,,subprocess timeout after 1200s
scale_trend,ring_12,Ring-12,ring,12,0,fixed_rank,fixed-rank,timeout,,,,,,,,,,,,,,0.0,0.0,fixed,4,4,true,true,2,1,ring_12__fixed_rank__s0,,subprocess timeout after 1200s
scale_trend,ring_12,Ring-12,ring,12,1,fixed_rank,fixed-rank,timeout,,,,,,,,,,,,,,0.0,0.0,fixed,4,4,true,true,2,1,ring_12__fixed_rank__s1,,subprocess timeout after 1200s
scale_trend,ring_12,Ring-12,ring,12,2,fixed_rank,fixed-rank,timeout,,,,,,,,,,,,,,0.0,0.0,fixed,4,4,true,true,2,1,ring_12__fixed_rank__s2,,subprocess timeout after 1200s
scale_trend,ring_6,Ring-6,ring,6,0,astnc_l2,ASTNC-L2,ok,2.857768543126006e-15,0.016553199999179924,2.049999966402538e-05,0.01657369999884395,0.02120400000421796,1.2793763616101177,0.9987631005349308,16.0,0.0,0.4444444444444444,55.0,2.474009045719282e-09,0.0,0.001,0.005,adaptive,2,16.0,True,true,2,1,ring_6__astnc_l2__s0,C:\Users\mrkys\workspace\sketch_tnc\outputs\paper_strengthened\ring_6__astnc_l2__s0\2026-04-14_17-44-38,
scale_trend,ring_6,Ring-6,ring,6,1,astnc_l2,ASTNC-L2,ok,2.3482179173449937e-15,0.017917900004249532,2.550000135670416e-05,0.017943400005606236,0.025665699988167034,1.4303699398507348,0.9985788645213663,16.0,0.0,0.4444444444444444,55.0,1.1565794601647217e-09,0.0,0.001,0.005,adaptive,2,16.0,True,true,2,1,ring_6__astnc_l2__s1,C:\Users\mrkys\workspace\sketch_tnc\outputs\paper_strengthened\ring_6__astnc_l2__s1\2026-04-14_17-44-39,
scale_trend,ring_6,Ring-6,ring,6,2,astnc_l2,ASTNC-L2,ok,2.886790669795966e-15,0.016361600002710475,2.0899999071843922e-05,0.01638250000178232,0.021985500010487158,1.3420112929499928,0.9987242484316623,16.0,0.0,0.4444444444444444,55.0,2.77145325109056e-10,0.0,0.001,0.005,adaptive,2,16.0,True,true,2,1,ring_6__astnc_l2__s2,C:\Users\mrkys\workspace\sketch_tnc\outputs\paper_strengthened\ring_6__astnc_l2__s2\2026-04-14_17-44-40,
scale_trend,ring_6,Ring-6,ring,6,0,exact,exact,ok,,0.02483330000177375,2.610000956337899e-05,0.02485940001133713,,,0.9989500949117668,,,,,,,,,,,,,true,2,1,ring_6__exact__s0,C:\Users\mrkys\workspace\sketch_tnc\outputs\paper_strengthened\ring_6__exact__s0\2026-04-14_17-44-41,
scale_trend,ring_6,Ring-6,ring,6,1,exact,exact,ok,,0.033257399998547044,3.769999239011668e-05,0.03329509999093716,,,0.9988677014515877,,,,,,,,,,,,,true,2,1,ring_6__exact__s1,C:\Users\mrkys\workspace\sketch_tnc\outputs\paper_strengthened\ring_6__exact__s1\2026-04-14_17-44-42,
scale_trend,ring_6,Ring-6,ring,6,2,exact,exact,ok,,0.026468499992915895,2.8700000257231295e-05,0.026497199993173126,,,0.9989168666401151,,,,,,,,,,,,,true,2,1,ring_6__exact__s2,C:\Users\mrkys\workspace\sketch_tnc\outputs\paper_strengthened\ring_6__exact__s2\2026-04-14_17-44-43,
scale_trend,ring_6,Ring-6,ring,6,0,fixed_rank,fixed-rank,ok,0.651416764218982,0.013293299994984409,1.899999551824294e-05,0.013312299990502652,0.02202670000770013,1.6546126530922491,0.998572748771409,9.0,9.0,0.4444444444444444,55.0,0.0,0.0,0.0,0.0,fixed,4,4.0,True,true,2,1,ring_6__fixed_rank__s0,C:\Users\mrkys\workspace\sketch_tnc\outputs\paper_strengthened\ring_6__fixed_rank__s0\2026-04-14_17-44-44,
scale_trend,ring_6,Ring-6,ring,6,1,fixed_rank,fixed-rank,ok,0.6112084867962515,0.012862700004916405,1.8300008377991617e-05,0.012881000013294397,0.021859499989659525,1.697034389053757,0.9985793021226859,9.0,9.0,0.4444444444444444,55.0,0.0,0.0,0.0,0.0,fixed,4,4.0,True,true,2,1,ring_6__fixed_rank__s1,C:\Users\mrkys\workspace\sketch_tnc\outputs\paper_strengthened\ring_6__fixed_rank__s1\2026-04-14_17-44-45,
scale_trend,ring_6,Ring-6,ring,6,2,fixed_rank,fixed-rank,ok,0.5792428571059449,0.014323400002467679,2.0600004063453525e-05,0.014344000006531132,0.021371199993154733,1.489905185578225,0.9985638591011825,9.0,9.0,0.4444444444444444,55.0,0.0,0.0,0.0,0.0,fixed,4,4.0,True,true,2,1,ring_6__fixed_rank__s2,C:\Users\mrkys\workspace\sketch_tnc\outputs\paper_strengthened\ring_6__fixed_rank__s2\2026-04-14_17-44-45,
mechanism_internal,ring_8,Ring-8,ring,8,0,astnc_l2,ASTNC-L2,ok,4.273663529339475e-15,0.27543810000497615,8.049999814829789e-05,0.27551860000312445,2.341737300001114,8.499380078027613,0.9997078237217122,16.0,0.0,0.4444444444444444,75.0,2.6375446901360654e-09,0.0,0.001,0.005,adaptive,2,16.0,True,true,2,1,ring_8__astnc_l2__s0,C:\Users\mrkys\workspace\sketch_tnc\outputs\paper_strengthened\ring_8__astnc_l2__s0\2026-04-14_17-44-47,
mechanism_internal,ring_8,Ring-8,ring,8,1,astnc_l2,ASTNC-L2,ok,4.3440744297741834e-15,0.10739639999519568,4.1000006604008377e-05,0.10743740000179969,1.8943731000072148,17.632343112899694,0.9996183823547206,16.0,0.0,0.4444444444444444,75.0,1.636910297962205e-09,0.0,0.001,0.005,adaptive,2,16.0,True,true,2,1,ring_8__astnc_l2__s1,C:\Users\mrkys\workspace\sketch_tnc\outputs\paper_strengthened\ring_8__astnc_l2__s1\2026-04-14_17-44-50,
mechanism_internal,ring_8,Ring-8,ring,8,2,astnc_l2,ASTNC-L2,ok,0.005480598439468959,0.10475279999809572,4.0600007196189836e-05,0.10479340000529191,1.8824348999987706,17.963296351542624,0.9996125709425044,16.0,0.0,0.4444444444444444,75.0,0.00038312962089419626,0.0,0.001,0.005,adaptive,2,16.0,True,true,2,1,ring_8__astnc_l2__s2,C:\Users\mrkys\workspace\sketch_tnc\outputs\paper_strengthened\ring_8__astnc_l2__s2\2026-04-14_17-44-53,
blockwise_sensitivity,ring_8,Ring-8,ring,8,0,block_b1_c1,block-b1-c1,ok,4.4790308586571185e-15,0.07732570000371197,2.7300000510876998e-05,0.07735300000422285,1.19091980000303,15.395909659904845,0.9996470724922234,16.0,0.0,0.3111111111111111,31.0,2.4185935302025482e-09,0.0,0.001,0.005,adaptive,2,16.0,True,true,1,1,ring_8__block_b1_c1__s0,C:\Users\mrkys\workspace\sketch_tnc\outputs\paper_strengthened\ring_8__block_b1_c1__s0\2026-04-14_17-44-56,
blockwise_sensitivity,ring_8,Ring-8,ring,8,1,block_b1_c1,block-b1-c1,ok,3.90241958435915e-15,0.06304939999608905,2.160000440198928e-05,0.06307100000049104,1.076054799999838,17.061007435658215,0.999657528731089,16.0,0.0,0.3111111111111111,31.0,3.3127935292521707e-09,0.0,0.001,0.005,adaptive,2,16.0,True,true,1,1,ring_8__block_b1_c1__s1,C:\Users\mrkys\workspace\sketch_tnc\outputs\paper_strengthened\ring_8__block_b1_c1__s1\2026-04-14_17-44-58,
blockwise_sensitivity,ring_8,Ring-8,ring,8,2,block_b1_c1,block-b1-c1,ok,0.0053900237830192405,0.06505439999818918,2.4000000848900527e-05,0.06507839999903808,1.061863999999332,16.31668879380425,0.999631214014959,16.0,0.0,0.3111111111111111,31.0,0.0005486792005208692,0.0,0.001,0.005,adaptive,2,16.0,True,true,1,1,ring_8__block_b1_c1__s2,C:\Users\mrkys\workspace\sketch_tnc\outputs\paper_strengthened\ring_8__block_b1_c1__s2\2026-04-14_17-45-00,
blockwise_sensitivity,ring_8,Ring-8,ring,8,0,block_b1_c2,block-b1-c2,ok,0.004593622892817252,0.056403800001135096,2.0800001948373392e-05,0.05642460000308347,0.8958491000012145,15.87692424822474,0.9996313664085015,16.0,0.0,0.23333333333333334,23.0,0.0005606098222851423,0.0,0.001,0.005,adaptive,2,16.0,True,true,1,2,ring_8__block_b1_c2__s0,C:\Users\mrkys\workspace\sketch_tnc\outputs\paper_strengthened\ring_8__block_b1_c2__s0\2026-04-14_17-45-02,
blockwise_sensitivity,ring_8,Ring-8,ring,8,1,block_b1_c2,block-b1-c2,ok,0.004231552516565941,0.07048700000086683,2.4500001018168405e-05,0.070511500001885,1.253557300002285,17.77805464287379,0.9996525389189399,16.0,0.0,0.23333333333333334,23.0,0.00048653193208549484,0.0,0.001,0.005,adaptive,2,16.0,True,true,1,2,ring_8__block_b1_c2__s1,C:\Users\mrkys\workspace\sketch_tnc\outputs\paper_strengthened\ring_8__block_b1_c2__s1\2026-04-14_17-45-04,
blockwise_sensitivity,ring_8,Ring-8,ring,8,2,block_b1_c2,block-b1-c2,ok,0.014874531967680089,0.0569446000008611,2.300000051036477e-05,0.056967600001371466,1.0646104999977979,18.687999844709623,0.9995962617082446,16.0,0.0,0.23333333333333334,23.0,0.0014317792562890865,0.0,0.001,0.005,adaptive,2,16.0,True,true,1,2,ring_8__block_b1_c2__s2,C:\Users\mrkys\workspace\sketch_tnc\outputs\paper_strengthened\ring_8__block_b1_c2__s2\2026-04-14_17-45-06,
blockwise_sensitivity,ring_8,Ring-8,ring,8,0,block_b2_c1,block-b2-c1,ok,4.273663529339475e-15,0.12055540000801557,4.5000000682193786e-05,0.12060040000869776,2.5587005999950634,21.216352514496737,0.9996268668953123,16.0,0.0,0.4444444444444444,75.0,2.6375446901360654e-09,0.0,0.001,0.005,adaptive,2,16.0,True,true,2,1,ring_8__block_b2_c1__s0,C:\Users\mrkys\workspace\sketch_tnc\outputs\paper_strengthened\ring_8__block_b2_c1__s0\2026-04-14_17-45-08,
blockwise_sensitivity,ring_8,Ring-8,ring,8,1,block_b2_c1,block-b2-c1,ok,4.3440744297741834e-15,0.13113099999463884,4.5199994929134846e-05,0.13117619998956798,2.524897699993744,19.248138764313136,0.9996554253291955,16.0,0.0,0.4444444444444444,75.0,1.636910297962205e-09,0.0,0.001,0.005,adaptive,2,16.0,True,true,2,1,ring_8__block_b2_c1__s1,C:\Users\mrkys\workspace\sketch_tnc\outputs\paper_strengthened\ring_8__block_b2_c1__s1\2026-04-14_17-45-12,
blockwise_sensitivity,ring_8,Ring-8,ring,8,2,block_b2_c1,block-b2-c1,ok,0.005480598439468959,0.12101040000197827,4.229999831295572e-05,0.12105270000029122,2.579277799992269,21.30706543484579,0.9996505654205771,16.0,0.0,0.4444444444444444,75.0,0.00038312962089419626,0.0,0.001,0.005,adaptive,2,16.0,True,true,2,1,ring_8__block_b2_c1__s2,C:\Users\mrkys\workspace\sketch_tnc\outputs\paper_strengthened\ring_8__block_b2_c1__s2\2026-04-14_17-45-15,
blockwise_sensitivity,ring_8,Ring-8,ring,8,0,block_b2_c2,block-b2-c2,ok,0.004146512206442525,0.07989350000207196,2.4900000425986946e-05,0.07991840000249795,1.4779095999983838,18.49273258640935,0.9996884321830154,16.0,0.0,0.36666666666666664,38.0,0.00042008506222988824,0.0,0.001,0.005,adaptive,2,16.0,True,true,2,2,ring_8__block_b2_c2__s0,C:\Users\mrkys\workspace\sketch_tnc\outputs\paper_strengthened\ring_8__block_b2_c2__s0\2026-04-14_17-45-19,
blockwise_sensitivity,ring_8,Ring-8,ring,8,1,block_b2_c2,block-b2-c2,ok,0.0044909547190223114,0.07986070000333712,4.1200000850949436e-05,0.07990190000418806,1.451425700000982,18.16509619804711,0.9994843676827675,16.0,0.0,0.36666666666666664,38.0,0.000287982961580915,0.0,0.001,0.005,adaptive,2,16.0,True,true,2,2,ring_8__block_b2_c2__s1,C:\Users\mrkys\workspace\sketch_tnc\outputs\paper_strengthened\ring_8__block_b2_c2__s1\2026-04-14_17-45-21,
blockwise_sensitivity,ring_8,Ring-8,ring,8,2,block_b2_c2,block-b2-c2,ok,0.002867401798618165,0.08202529999834951,3.3299998904112726e-05,0.08205859999725362,1.5440111000025354,18.815957133504533,0.9995941924441213,16.0,0.0,0.36666666666666664,38.0,0.000839318210813728,0.0,0.001,0.005,adaptive,2,16.0,True,true,2,2,ring_8__block_b2_c2__s2,C:\Users\mrkys\workspace\sketch_tnc\outputs\paper_strengthened\ring_8__block_b2_c2__s2\2026-04-14_17-45-24,
blockwise_sensitivity,ring_8,Ring-8,ring,8,0,block_b3_c1,block-b3-c1,ok,0.0037033840882087317,0.1696300000003248,0.00011849998554680496,0.1697484999858716,7.62416879999364,44.91449880607661,0.9993019084907615,16.0,0.0,0.4984984984984985,167.0,0.00022803534120995818,0.0,0.001,0.005,adaptive,2,16.0,True,true,3,1,ring_8__block_b3_c1__s0,C:\Users\mrkys\workspace\sketch_tnc\outputs\paper_strengthened\ring_8__block_b3_c1__s0\2026-04-14_17-45-26,
blockwise_sensitivity,ring_8,Ring-8,ring,8,1,block_b3_c1,block-b3-c1,ok,0.001817697302348504,0.1609119999993709,0.00011079999239882454,0.16102279999176972,5.791006599996763,35.96389207153764,0.9993118987286036,16.0,0.0,0.4984984984984985,167.0,0.00013824183443421716,0.0,0.001,0.005,adaptive,2,16.0,True,true,3,1,ring_8__block_b3_c1__s1,C:\Users\mrkys\workspace\sketch_tnc\outputs\paper_strengthened\ring_8__block_b3_c1__s1\2026-04-14_17-45-35,
blockwise_sensitivity,ring_8,Ring-8,ring,8,2,block_b3_c1,block-b3-c1,ok,0.0031327923535535702,0.16639129999748548,0.00011219999214517884,0.16650349998963065,5.348882800008141,32.12474692909836,0.9993261403324765,16.0,0.0,0.4984984984984985,167.0,0.0004389033713172296,0.0,0.001,0.005,adaptive,2,16.0,True,true,3,1,ring_8__block_b3_c1__s2,C:\Users\mrkys\workspace\sketch_tnc\outputs\paper_strengthened\ring_8__block_b3_c1__s2\2026-04-14_17-45-42,
blockwise_sensitivity,ring_8,Ring-8,ring,8,0,block_b3_c2,block-b3-c2,ok,0.002962196183250216,0.1083410999890475,4.079999780515209e-05,0.10838189998685266,2.3142635999938648,21.352860581455438,0.9996235533902826,16.0,0.0,0.4326923076923077,59.0,0.0003167159796114916,0.0,0.001,0.005,adaptive,2,16.0,True,true,3,2,ring_8__block_b3_c2__s0,C:\Users\mrkys\workspace\sketch_tnc\outputs\paper_strengthened\ring_8__block_b3_c2__s0\2026-04-14_17-45-48,
blockwise_sensitivity,ring_8,Ring-8,ring,8,1,block_b3_c2,block-b3-c2,ok,0.004170571404797448,0.10995429999456974,5.2600000344682485e-05,0.11000689999491442,2.272107100005087,20.654223508611473,0.9995218481627367,16.0,0.0,0.4326923076923077,59.0,0.0008536168015532853,0.0,0.001,0.005,adaptive,2,16.0,True,true,3,2,ring_8__block_b3_c2__s1,C:\Users\mrkys\workspace\sketch_tnc\outputs\paper_strengthened\ring_8__block_b3_c2__s1\2026-04-14_17-45-52,
blockwise_sensitivity,ring_8,Ring-8,ring,8,2,block_b3_c2,block-b3-c2,ok,0.00408449937698023,0.12581640000280458,5.140000212122686e-05,0.1258678000049258,2.433712399997603,19.33546466914512,0.9995916350081688,16.0,0.0,0.4326923076923077,59.0,0.0008365306434907935,0.0,0.001,0.005,adaptive,2,16.0,True,true,3,2,ring_8__block_b3_c2__s2,C:\Users\mrkys\workspace\sketch_tnc\outputs\paper_strengthened\ring_8__block_b3_c2__s2\2026-04-14_17-45-55,
blockwise_sensitivity,ring_8,Ring-8,ring,8,0,block_disabled,block-disabled,ok,8.2249650560152e-15,0.04891660000066622,1.4400000509340316e-05,0.04893100000117556,0.7211571000007098,14.738245692273729,0.9997057080070161,16.0,0.0,0.0,15.0,2.69861268983621e-09,0.0,0.001,0.005,adaptive,2,16.0,True,false,2,1,ring_8__block_disabled__s0,C:\Users\mrkys\workspace\sketch_tnc\outputs\paper_strengthened\ring_8__block_disabled__s0\2026-04-14_17-45-58,
blockwise_sensitivity,ring_8,Ring-8,ring,8,1,block_disabled,block-disabled,ok,5.095178957940358e-15,0.04914669999925536,2.7999998565064743e-05,0.049174699997820426,0.7452324000005319,15.154793013854851,0.9994306015173303,16.0,0.0,0.0,15.0,3.4024881971379205e-09,0.0,0.001,0.005,adaptive,2,16.0,True,false,2,1,ring_8__block_disabled__s1,C:\Users\mrkys\workspace\sketch_tnc\outputs\paper_strengthened\ring_8__block_disabled__s1\2026-04-14_17-46-00,
blockwise_sensitivity,ring_8,Ring-8,ring,8,2,block_disabled,block-disabled,ok,4.713281222677137e-15,0.04546280000067782,1.5099998563528061e-05,0.045477899999241345,0.6750790000005509,14.844111095652357,0.9996679706063066,16.0,0.0,0.0,15.0,3.116492831429268e-09,0.0,0.001,0.005,adaptive,2,16.0,True,false,2,1,ring_8__block_disabled__s2,C:\Users\mrkys\workspace\sketch_tnc\outputs\paper_strengthened\ring_8__block_disabled__s2\2026-04-14_17-46-02,
scale_trend,ring_8,Ring-8,ring,8,0,exact,exact,ok,,2.466406100007589,5.060000330558978e-05,2.4664567000108946,,,0.9999794847384487,,,,,,,,,,,,,true,2,1,ring_8__exact__s0,C:\Users\mrkys\workspace\sketch_tnc\outputs\paper_strengthened\ring_8__exact__s0\2026-04-14_17-46-03,
scale_trend,ring_8,Ring-8,ring,8,1,exact,exact,ok,,2.461693800003559,5.959999907645397e-05,2.4617534000026353,,,0.9999757896139896,,,,,,,,,,,,,true,2,1,ring_8__exact__s1,C:\Users\mrkys\workspace\sketch_tnc\outputs\paper_strengthened\ring_8__exact__s1\2026-04-14_17-46-07,
scale_trend,ring_8,Ring-8,ring,8,2,exact,exact,ok,,2.828231399998913,5.450000389828347e-05,2.828285900002811,,,0.9999807303763392,,,,,,,,,,,,,true,2,1,ring_8__exact__s2,C:\Users\mrkys\workspace\sketch_tnc\outputs\paper_strengthened\ring_8__exact__s2\2026-04-14_17-46-10,
mechanism_internal,ring_8,Ring-8,ring,8,0,fixed_rank,fixed-rank,ok,0.8075321602784388,0.028142999995907303,3.479999941191636e-05,0.02817779999531922,2.5926230999903055,92.00942232285601,0.998764985186336,9.0,27.0,0.4444444444444444,75.0,0.0,0.0,0.0,0.0,fixed,4,4.0,True,true,2,1,ring_8__fixed_rank__s0,C:\Users\mrkys\workspace\sketch_tnc\outputs\paper_strengthened\ring_8__fixed_rank__s0\2026-04-14_17-46-14,
mechanism_internal,ring_8,Ring-8,ring,8,1,fixed_rank,fixed-rank,ok,0.7771009286121126,0.03382479999709176,4.529999932856299e-05,0.03387009999642032,2.5610439000010956,75.61370944272839,0.9986625371542448,9.0,27.0,0.4444444444444444,75.0,0.0,0.0,0.0,0.0,fixed,4,4.0,True,true,2,1,ring_8__fixed_rank__s1,C:\Users\mrkys\workspace\sketch_tnc\outputs\paper_strengthened\ring_8__fixed_rank__s1\2026-04-14_17-46-17,
mechanism_internal,ring_8,Ring-8,ring,8,2,fixed_rank,fixed-rank,ok,0.832633229777223,0.02610600000116392,3.840000135824084e-05,0.02614440000252216,2.5183148000032816,96.32329675433422,0.99853123413224,9.0,27.0,0.4444444444444444,75.0,0.0,0.0,0.0,0.0,fixed,4,4.0,True,true,2,1,ring_8__fixed_rank__s2,C:\Users\mrkys\workspace\sketch_tnc\outputs\paper_strengthened\ring_8__fixed_rank__s2\2026-04-14_17-46-21,
mechanism_internal,ring_8,Ring-8,ring,8,0,no_blockwise,no-blockwise,ok,8.2249650560152e-15,0.05681810000169207,1.9099999917671084e-05,0.056837200001609745,0.7599426999986463,13.3705161401996,0.9996639524656952,16.0,0.0,0.0,15.0,2.69861268983621e-09,0.0,0.001,0.005,adaptive,2,16.0,True,false,2,1,ring_8__no_blockwise__s0,C:\Users\mrkys\workspace\sketch_tnc\outputs\paper_strengthened\ring_8__no_blockwise__s0\2026-04-14_17-46-24,
mechanism_internal,ring_8,Ring-8,ring,8,1,no_blockwise,no-blockwise,ok,5.095178957940358e-15,0.04016500000216183,1.6500001947861165e-05,0.040181500004109694,0.580323899997893,14.442564362308424,0.9995893631908773,16.0,0.0,0.0,15.0,3.4024881971379205e-09,0.0,0.001,0.005,adaptive,2,16.0,True,false,2,1,ring_8__no_blockwise__s1,C:\Users\mrkys\workspace\sketch_tnc\outputs\paper_strengthened\ring_8__no_blockwise__s1\2026-04-14_17-46-26,
mechanism_internal,ring_8,Ring-8,ring,8,2,no_blockwise,no-blockwise,ok,4.713281222677137e-15,0.03946580000047106,1.6400001186411828e-05,0.039482200001657475,0.596125200001552,15.098581131786677,0.999584622888661,16.0,0.0,0.0,15.0,3.116492831429268e-09,0.0,0.001,0.005,adaptive,2,16.0,True,false,2,1,ring_8__no_blockwise__s2,C:\Users\mrkys\workspace\sketch_tnc\outputs\paper_strengthened\ring_8__no_blockwise__s2\2026-04-14_17-46-27,
mechanism_internal,ring_8,Ring-8,ring,8,0,no_cache,no-cache,ok,4.273663529339475e-15,0.11738299999706214,4.149999585933983e-05,0.11742449999292148,1.8488672000021324,15.745157101778927,0.9996465814471299,16.0,0.0,0.0,0.0,2.6375446901360654e-09,0.0,0.001,0.005,adaptive,2,16.0,False,true,2,1,ring_8__no_cache__s0,C:\Users\mrkys\workspace\sketch_tnc\outputs\paper_strengthened\ring_8__no_cache__s0\2026-04-14_17-46-29,
mechanism_internal,ring_8,Ring-8,ring,8,1,no_cache,no-cache,ok,4.3440744297741834e-15,0.11488700000336394,3.8800008042017e-05,0.11492580001140595,1.7882032000088657,15.559632387295398,0.9996623907857258,16.0,0.0,0.0,0.0,1.636910297962205e-09,0.0,0.001,0.005,adaptive,2,16.0,False,true,2,1,ring_8__no_cache__s1,C:\Users\mrkys\workspace\sketch_tnc\outputs\paper_strengthened\ring_8__no_cache__s1\2026-04-14_17-46-32,
mechanism_internal,ring_8,Ring-8,ring,8,2,no_cache,no-cache,ok,0.005480598439468959,0.11405450000165729,4.090000584255904e-05,0.11409540000749985,1.803040400001919,15.802919310222817,0.9996415279946473,16.0,0.0,0.0,0.0,0.00038312962089419626,0.0,0.001,0.005,adaptive,2,16.0,False,true,2,1,ring_8__no_cache__s2,C:\Users\mrkys\workspace\sketch_tnc\outputs\paper_strengthened\ring_8__no_cache__s2\2026-04-14_17-46-34,
mechanism_internal,ring_8,Ring-8,ring,8,0,no_implicit,no-implicit,ok,4.273663529339475e-15,0.1021346999987145,3.859999924316071e-05,0.10217329999795766,1.7638431000013952,17.263248813725205,0.9996222104968366,16.0,0.0,0.4444444444444444,75.0,2.6375446901360654e-09,0.0,0.001,0.005,adaptive,2,16.0,True,true,2,1,ring_8__no_implicit__s0,C:\Users\mrkys\workspace\sketch_tnc\outputs\paper_strengthened\ring_8__no_implicit__s0\2026-04-14_17-46-37,
mechanism_internal,ring_8,Ring-8,ring,8,1,no_implicit,no-implicit,ok,4.3440744297741834e-15,0.10316910000619828,3.9100003050407395e-05,0.10320820000924869,1.8425845000019763,17.853082408364894,0.9996211540938944,16.0,0.0,0.4444444444444444,75.0,1.636910297962205e-09,0.0,0.001,0.005,adaptive,2,16.0,True,true,2,1,ring_8__no_implicit__s1,C:\Users\mrkys\workspace\sketch_tnc\outputs\paper_strengthened\ring_8__no_implicit__s1\2026-04-14_17-46-40,
mechanism_internal,ring_8,Ring-8,ring,8,2,no_implicit,no-implicit,ok,0.005480598439468959,0.1056843000005756,3.9599999581696466e-05,0.1057239000001573,1.8296114999939164,17.305561939863065,0.9996254394646691,16.0,0.0,0.4444444444444444,75.0,0.00038312962089419626,0.0,0.001,0.005,adaptive,2,16.0,True,true,2,1,ring_8__no_implicit__s2,C:\Users\mrkys\workspace\sketch_tnc\outputs\paper_strengthened\ring_8__no_implicit__s2\2026-04-14_17-46-42,
pareto_sweep,ring_8,Ring-8,ring,8,0,pareto_s1,pareto-s1,ok,4.273663529339475e-15,0.10494910000852542,3.849999848171137e-05,0.10498760000700713,1.9030584999927669,18.1265073194132,0.9996332900315963,16.0,0.0,0.4444444444444444,75.0,2.6375446901360654e-09,0.0,0.0002,0.0008,adaptive,2,16.0,True,true,2,1,ring_8__pareto_s1__s0,C:\Users\mrkys\workspace\sketch_tnc\outputs\paper_strengthened\ring_8__pareto_s1__s0\2026-04-14_17-46-45,
pareto_sweep,ring_8,Ring-8,ring,8,1,pareto_s1,pareto-s1,ok,4.3440744297741834e-15,0.10434030000760686,3.980000474257395e-05,0.10438010001234943,1.8480336999964493,17.70484699439931,0.999618701210887,16.0,0.0,0.4444444444444444,75.0,1.636910297962205e-09,0.0,0.0002,0.0008,adaptive,2,16.0,True,true,2,1,ring_8__pareto_s1__s1,C:\Users\mrkys\workspace\sketch_tnc\outputs\paper_strengthened\ring_8__pareto_s1__s1\2026-04-14_17-46-48,
pareto_sweep,ring_8,Ring-8,ring,8,2,pareto_s1,pareto-s1,ok,4.74811385642094e-15,0.1071784000050684,4.029999763588421e-05,0.10721870000270428,1.7349644000096305,16.181546688681074,0.9996241327433134,16.0,0.0,0.4444444444444444,75.0,1.5646647676976439e-09,0.0,0.0002,0.0008,adaptive,2,16.0,True,true,2,1,ring_8__pareto_s1__s2,C:\Users\mrkys\workspace\sketch_tnc\outputs\paper_strengthened\ring_8__pareto_s1__s2\2026-04-14_17-46-51,
pareto_sweep,ring_8,Ring-8,ring,8,0,pareto_s2,pareto-s2,ok,4.273663529339475e-15,0.10292080001090653,3.869999636663124e-05,0.10295950000727316,1.8031235999842465,17.512940523597717,0.9996241240743834,16.0,0.0,0.4444444444444444,75.0,2.6375446901360654e-09,0.0,0.0005,0.002,adaptive,2,16.0,True,true,2,1,ring_8__pareto_s2__s0,C:\Users\mrkys\workspace\sketch_tnc\outputs\paper_strengthened\ring_8__pareto_s2__s0\2026-04-14_17-46-53,
pareto_sweep,ring_8,Ring-8,ring,8,1,pareto_s2,pareto-s2,ok,4.3440744297741834e-15,0.1044497000038973,3.870000000461005e-05,0.10448840000390192,1.866002999999182,17.858470413095056,0.9996296239486603,16.0,0.0,0.4444444444444444,75.0,1.636910297962205e-09,0.0,0.0005,0.002,adaptive,2,16.0,True,true,2,1,ring_8__pareto_s2__s1,C:\Users\mrkys\workspace\sketch_tnc\outputs\paper_strengthened\ring_8__pareto_s2__s1\2026-04-14_17-46-56,
pareto_sweep,ring_8,Ring-8,ring,8,2,pareto_s2,pareto-s2,ok,4.74811385642094e-15,0.1027306000032695,3.860000288113952e-05,0.10276920000615064,1.8020935999920766,17.535347164974404,0.9996244010474105,16.0,0.0,0.4444444444444444,75.0,1.5646647676976439e-09,0.0,0.0005,0.002,adaptive,2,16.0,True,true,2,1,ring_8__pareto_s2__s2,C:\Users\mrkys\workspace\sketch_tnc\outputs\paper_strengthened\ring_8__pareto_s2__s2\2026-04-14_17-46-59,
pareto_sweep,ring_8,Ring-8,ring,8,0,pareto_s3,pareto-s3,ok,4.273663529339475e-15,0.11001979999855394,4.160000025876798e-05,0.1100613999988127,1.8631698999888613,16.928459023708875,0.9996220291468322,16.0,0.0,0.4444444444444444,75.0,2.6375446901360654e-09,0.0,0.001,0.005,adaptive,2,16.0,True,true,2,1,ring_8__pareto_s3__s0,C:\Users\mrkys\workspace\sketch_tnc\outputs\paper_strengthened\ring_8__pareto_s3__s0\2026-04-14_17-47-01,
pareto_sweep,ring_8,Ring-8,ring,8,1,pareto_s3,pareto-s3,ok,4.3440744297741834e-15,0.10824960000172723,3.9500002458225936e-05,0.10828910000418546,1.7975392999906035,16.599448143022038,0.9996352356473889,16.0,0.0,0.4444444444444444,75.0,1.636910297962205e-09,0.0,0.001,0.005,adaptive,2,16.0,True,true,2,1,ring_8__pareto_s3__s1,C:\Users\mrkys\workspace\sketch_tnc\outputs\paper_strengthened\ring_8__pareto_s3__s1\2026-04-14_17-47-04,
pareto_sweep,ring_8,Ring-8,ring,8,2,pareto_s3,pareto-s3,ok,0.005480598439468959,0.10232940000059898,4.3799998820759356e-05,0.10237319999941974,1.7886164999981702,17.47153063488136,0.9995721536513406,16.0,0.0,0.4444444444444444,75.0,0.00038312962089419626,0.0,0.001,0.005,adaptive,2,16.0,True,true,2,1,ring_8__pareto_s3__s2,C:\Users\mrkys\workspace\sketch_tnc\outputs\paper_strengthened\ring_8__pareto_s3__s2\2026-04-14_17-47-07,
pareto_sweep,ring_8,Ring-8,ring,8,0,pareto_s4,pareto-s4,ok,0.0027613159239111324,0.10837470000478788,4.510000144364312e-05,0.10841980000623153,1.8457377000013366,17.02399100420981,0.9995840242977699,16.0,0.0,0.4444444444444444,75.0,0.00014921101615280796,0.0,0.002,0.01,adaptive,2,16.0,True,true,2,1,ring_8__pareto_s4__s0,C:\Users\mrkys\workspace\sketch_tnc\outputs\paper_strengthened\ring_8__pareto_s4__s0\2026-04-14_17-47-09,
pareto_sweep,ring_8,Ring-8,ring,8,1,pareto_s4,pareto-s4,ok,0.004726863314362275,0.11947809999401215,4.390000685816631e-05,0.11952200000087032,2.110556200001156,17.65830725697469,0.9996327035369431,16.0,0.0,0.4444444444444444,75.0,0.00021826421503641171,0.0,0.002,0.01,adaptive,2,16.0,True,true,2,1,ring_8__pareto_s4__s1,C:\Users\mrkys\workspace\sketch_tnc\outputs\paper_strengthened\ring_8__pareto_s4__s1\2026-04-14_17-47-12,
pareto_sweep,ring_8,Ring-8,ring,8,2,pareto_s4,pareto-s4,ok,0.013958895798410257,0.13450430001103086,7.390000610030256e-05,0.13457820001713117,2.7551900999860663,20.472781621502374,0.99945087683525,16.0,0.0,0.4444444444444444,75.0,0.0020658448796966153,0.0,0.002,0.01,adaptive,2,16.0,True,true,2,1,ring_8__pareto_s4__s2,C:\Users\mrkys\workspace\sketch_tnc\outputs\paper_strengthened\ring_8__pareto_s4__s2\2026-04-14_17-47-15,
pareto_sweep,ring_8,Ring-8,ring,8,0,pareto_s5,pareto-s5,ok,0.01265240987912524,0.1946291999956884,7.270000787684694e-05,0.19470190000356524,2.2120405999994546,11.36116596678095,0.9996266086315791,16.0,0.0,0.4444444444444444,75.0,0.0012648250665846673,0.0,0.003,0.015,adaptive,2,16.0,True,true,2,1,ring_8__pareto_s5__s0,C:\Users\mrkys\workspace\sketch_tnc\outputs\paper_strengthened\ring_8__pareto_s5__s0\2026-04-14_17-47-19,
pareto_sweep,ring_8,Ring-8,ring,8,1,pareto_s5,pareto-s5,ok,0.013302342205506107,0.10691640000004554,4.200000694254413e-05,0.10695840000698809,1.9343030000054569,18.0846291629362,0.999607323894716,16.0,0.0,0.4444444444444444,75.0,0.0016147693873446915,0.0,0.003,0.015,adaptive,2,16.0,True,true,2,1,ring_8__pareto_s5__s1,C:\Users\mrkys\workspace\sketch_tnc\outputs\paper_strengthened\ring_8__pareto_s5__s1\2026-04-14_17-47-23,
pareto_sweep,ring_8,Ring-8,ring,8,2,pareto_s5,pareto-s5,ok,0.020647529700280706,0.11039779999555321,4.3399999412940815e-05,0.11044119999496615,2.0076646999950754,18.178584623024786,0.9996070307058006,16.0,0.0,0.4444444444444444,75.0,0.003066605336607722,0.0,0.003,0.015,adaptive,2,16.0,True,true,2,1,ring_8__pareto_s5__s2,C:\Users\mrkys\workspace\sketch_tnc\outputs\paper_strengthened\ring_8__pareto_s5__s2\2026-04-14_17-47-25,
pareto_sweep,ring_8,Ring-8,ring,8,0,pareto_s6,pareto-s6,ok,0.037685091518277515,0.1130265000028885,4.369999805931002e-05,0.11307020000094781,2.0404847000027075,18.046175738325015,0.9996135144444905,16.0,0.0,0.4444444444444444,75.0,0.0050545882709853275,0.0,0.005,0.025,adaptive,2,16.0,True,true,2,1,ring_8__pareto_s6__s0,C:\Users\mrkys\workspace\sketch_tnc\outputs\paper_strengthened\ring_8__pareto_s6__s0\2026-04-14_17-47-28,
pareto_sweep,ring_8,Ring-8,ring,8,1,pareto_s6,pareto-s6,ok,0.04576246136463927,0.10645499999736785,4.070000068168156e-05,0.10649569999804953,1.930145200003608,18.124160881808695,0.9996178249292502,16.0,0.0,0.4444444444444444,75.0,0.007837997379028598,0.0,0.005,0.025,adaptive,2,16.0,True,true,2,1,ring_8__pareto_s6__s1,C:\Users\mrkys\workspace\sketch_tnc\outputs\paper_strengthened\ring_8__pareto_s6__s1\2026-04-14_17-47-31,
pareto_sweep,ring_8,Ring-8,ring,8,2,pareto_s6,pareto-s6,ok,0.04030094648799252,0.10637339999811957,4.260000059730373e-05,0.10641599999871687,1.9177486000007775,18.021243046213726,0.9995996842429952,16.0,0.0,0.4444444444444444,75.0,0.008027077306964288,0.0,0.005,0.025,adaptive,2,16.0,True,true,2,1,ring_8__pareto_s6__s2,C:\Users\mrkys\workspace\sketch_tnc\outputs\paper_strengthened\ring_8__pareto_s6__s2\2026-04-14_17-47-34,
scale_trend,tree_10,Tree-10,tree,10,0,astnc_l2,ASTNC-L2,timeout,,,,,,,,,,,,,,0.001,0.005,adaptive,2,16,true,true,2,1,tree_10__astnc_l2__s0,,subprocess timeout after 1200s
scale_trend,tree_10,Tree-10,tree,10,1,astnc_l2,ASTNC-L2,timeout,,,,,,,,,,,,,,0.001,0.005,adaptive,2,16,true,true,2,1,tree_10__astnc_l2__s1,,subprocess timeout after 1200s
scale_trend,tree_10,Tree-10,tree,10,2,astnc_l2,ASTNC-L2,failed,,,,,,,,,,,,,,0.001,0.005,adaptive,2,16,true,true,2,1,tree_10__astnc_l2__s2,,CalledProcessError: exit=1073807364
scale_trend,tree_10,Tree-10,tree,10,0,exact,exact,failed,,,,,,,,,,,,,,,,,,,,true,2,1,tree_10__exact__s0,,CalledProcessError: exit=3221226091
scale_trend,tree_10,Tree-10,tree,10,1,exact,exact,failed,,,,,,,,,,,,,,,,,,,,true,2,1,tree_10__exact__s1,,CalledProcessError: exit=3221226091
scale_trend,tree_10,Tree-10,tree,10,2,exact,exact,failed,,,,,,,,,,,,,,,,,,,,true,2,1,tree_10__exact__s2,,CalledProcessError: exit=3221226091
scale_trend,tree_10,Tree-10,tree,10,0,fixed_rank,fixed-rank,failed,,,,,,,,,,,,,,0.0,0.0,fixed,4,4,true,true,2,1,tree_10__fixed_rank__s0,,CalledProcessError: exit=3221226091
scale_trend,tree_10,Tree-10,tree,10,1,fixed_rank,fixed-rank,failed,,,,,,,,,,,,,,0.0,0.0,fixed,4,4,true,true,2,1,tree_10__fixed_rank__s1,,CalledProcessError: exit=3221226091
scale_trend,tree_10,Tree-10,tree,10,2,fixed_rank,fixed-rank,failed,,,,,,,,,,,,,,0.0,0.0,fixed,4,4,true,true,2,1,tree_10__fixed_rank__s2,,CalledProcessError: exit=3221226091
scale_trend,tree_12,Tree-12,tree,12,0,astnc_l2,ASTNC-L2,failed,,,,,,,,,,,,,,0.001,0.005,adaptive,2,16,true,true,2,1,tree_12__astnc_l2__s0,,CalledProcessError: exit=3221226091
scale_trend,tree_12,Tree-12,tree,12,1,astnc_l2,ASTNC-L2,failed,,,,,,,,,,,,,,0.001,0.005,adaptive,2,16,true,true,2,1,tree_12__astnc_l2__s1,,CalledProcessError: exit=3221226091
scale_trend,tree_12,Tree-12,tree,12,2,astnc_l2,ASTNC-L2,failed,,,,,,,,,,,,,,0.001,0.005,adaptive,2,16,true,true,2,1,tree_12__astnc_l2__s2,,CalledProcessError: exit=3221226091
scale_trend,tree_12,Tree-12,tree,12,0,exact,exact,failed,,,,,,,,,,,,,,,,,,,,true,2,1,tree_12__exact__s0,,CalledProcessError: exit=3221226091
scale_trend,tree_12,Tree-12,tree,12,1,exact,exact,failed,,,,,,,,,,,,,,,,,,,,true,2,1,tree_12__exact__s1,,CalledProcessError: exit=3221226091
scale_trend,tree_12,Tree-12,tree,12,2,exact,exact,failed,,,,,,,,,,,,,,,,,,,,true,2,1,tree_12__exact__s2,,CalledProcessError: exit=3221226091
scale_trend,tree_12,Tree-12,tree,12,0,fixed_rank,fixed-rank,failed,,,,,,,,,,,,,,0.0,0.0,fixed,4,4,true,true,2,1,tree_12__fixed_rank__s0,,CalledProcessError: exit=3221226091
scale_trend,tree_12,Tree-12,tree,12,1,fixed_rank,fixed-rank,failed,,,,,,,,,,,,,,0.0,0.0,fixed,4,4,true,true,2,1,tree_12__fixed_rank__s1,,CalledProcessError: exit=3221226091
scale_trend,tree_12,Tree-12,tree,12,2,fixed_rank,fixed-rank,failed,,,,,,,,,,,,,,0.0,0.0,fixed,4,4,true,true,2,1,tree_12__fixed_rank__s2,,CalledProcessError: exit=3221226091
scale_trend,tree_6,Tree-6,tree,6,0,astnc_l2,ASTNC-L2,ok,2.9991969319978416e-15,0.009874100000160979,1.7600003047846258e-05,0.009891700003208825,0.013694299992494052,1.384423303038634,0.9982207301029795,16.0,0.0,0.4126984126984127,37.0,0.0,0.0,0.001,0.005,adaptive,2,16.0,True,true,2,1,tree_6__astnc_l2__s0,C:\Users\mrkys\workspace\sketch_tnc\outputs\paper_strengthened\tree_6__astnc_l2__s0\2026-04-14_19-17-38,
scale_trend,tree_6,Tree-6,tree,6,1,astnc_l2,ASTNC-L2,ok,1.7352487943709384e-15,0.012579899994307198,1.6000001778593287e-05,0.012595899996085791,0.010129299997061025,0.8041743741538562,0.9987297451724533,4.0,0.0,0.4444444444444444,55.0,0.0,0.0,0.001,0.005,adaptive,2,16.0,True,true,2,1,tree_6__astnc_l2__s1,C:\Users\mrkys\workspace\sketch_tnc\outputs\paper_strengthened\tree_6__astnc_l2__s1\2026-04-14_19-17-39,
scale_trend,tree_6,Tree-6,tree,6,2,astnc_l2,ASTNC-L2,ok,1.7195968001535429e-15,0.012610299996595131,1.7399997886968777e-05,0.0126276999944821,0.0141178999983822,1.1180104059672988,0.9986220769504189,4.0,0.0,0.4444444444444444,55.0,0.0,0.0,0.001,0.005,adaptive,2,16.0,True,true,2,1,tree_6__astnc_l2__s2,C:\Users\mrkys\workspace\sketch_tnc\outputs\paper_strengthened\tree_6__astnc_l2__s2\2026-04-14_19-17-39,
scale_trend,tree_6,Tree-6,tree,6,0,exact,exact,ok,,0.015181099999608705,1.7000002117129043e-05,0.015198100001725834,,,0.99888143892236,,,,,,,,,,,,,true,2,1,tree_6__exact__s0,C:\Users\mrkys\workspace\sketch_tnc\outputs\paper_strengthened\tree_6__exact__s0\2026-04-14_19-17-40,
scale_trend,tree_6,Tree-6,tree,6,1,exact,exact,ok,,0.013156799999705981,1.9300005078548566e-05,0.01317610000478453,,,0.9985352261997044,,,,,,,,,,,,,true,2,1,tree_6__exact__s1,C:\Users\mrkys\workspace\sketch_tnc\outputs\paper_strengthened\tree_6__exact__s1\2026-04-14_19-17-41,
scale_trend,tree_6,Tree-6,tree,6,2,exact,exact,ok,,0.015841399996133987,1.8200003978563473e-05,0.01585960000011255,,,0.9988524297600643,,,,,,,,,,,,,true,2,1,tree_6__exact__s2,C:\Users\mrkys\workspace\sketch_tnc\outputs\paper_strengthened\tree_6__exact__s2\2026-04-14_19-17-41,
scale_trend,tree_6,Tree-6,tree,6,0,fixed_rank,fixed-rank,ok,0.6416481531531062,0.007600400003866525,1.639999754843302e-05,0.007616800001414958,0.014104600002610823,1.8517750233876251,0.9978468650163804,9.0,3.0,0.4126984126984127,37.0,0.0,0.0,0.0,0.0,fixed,4,4.0,True,true,2,1,tree_6__fixed_rank__s0,C:\Users\mrkys\workspace\sketch_tnc\outputs\paper_strengthened\tree_6__fixed_rank__s0\2026-04-14_19-17-42,
scale_trend,tree_6,Tree-6,tree,6,1,fixed_rank,fixed-rank,ok,1.5476873654396365e-15,0.009438900000532158,1.6900001355679706e-05,0.009455800001887837,0.010347600014938507,1.0943124867042777,0.9982127369074516,9.0,0.0,0.4444444444444444,55.0,0.0,0.0,0.0,0.0,fixed,4,4.0,True,true,2,1,tree_6__fixed_rank__s1,C:\Users\mrkys\workspace\sketch_tnc\outputs\paper_strengthened\tree_6__fixed_rank__s1\2026-04-14_19-17-43,
scale_trend,tree_6,Tree-6,tree,6,2,fixed_rank,fixed-rank,ok,1.338512886347979e-15,0.01090459999977611,1.910000355564989e-05,0.01092370000333176,0.015454799995495705,1.4147953522494348,0.998251507772268,9.0,0.0,0.4444444444444444,55.0,0.0,0.0,0.0,0.0,fixed,4,4.0,True,true,2,1,tree_6__fixed_rank__s2,C:\Users\mrkys\workspace\sketch_tnc\outputs\paper_strengthened\tree_6__fixed_rank__s2\2026-04-14_19-17-43,
scale_trend,tree_8,Tree-8,tree,8,0,astnc_l2,ASTNC-L2,ok,3.268335770021782e-15,0.019648900004540337,2.4000000848900527e-05,0.019672900005389238,0.872549199997593,44.352850861551275,0.9987800475862173,16.0,0.0,0.43902439024390244,69.0,1.024129043468337e-09,0.0,0.001,0.005,adaptive,2,16.0,True,true,2,1,tree_8__astnc_l2__s0,C:\Users\mrkys\workspace\sketch_tnc\outputs\paper_strengthened\tree_8__astnc_l2__s0\2026-04-14_19-17-44,
scale_trend,tree_8,Tree-8,tree,8,1,astnc_l2,ASTNC-L2,ok,0.011881707967085823,0.033167199999297736,3.3299998904112726e-05,0.03320049999820185,0.8602985999968951,25.912218190014517,0.9989970030600469,12.0,0.0,0.43902439024390244,69.0,0.000532948714726192,0.0,0.001,0.005,adaptive,2,16.0,True,true,2,1,tree_8__astnc_l2__s1,C:\Users\mrkys\workspace\sketch_tnc\outputs\paper_strengthened\tree_8__astnc_l2__s1\2026-04-14_19-17-45,
scale_trend,tree_8,Tree-8,tree,8,2,astnc_l2,ASTNC-L2,ok,0.0025488888150221986,0.016879000002518296,3.069999365834519e-05,0.01690969999617664,1.0983833000027516,64.95581235540224,0.99818447431572,16.0,0.0,0.42424242424242425,57.0,0.0001330676796925349,0.0,0.001,0.005,adaptive,2,16.0,True,true,2,1,tree_8__astnc_l2__s2,C:\Users\mrkys\workspace\sketch_tnc\outputs\paper_strengthened\tree_8__astnc_l2__s2\2026-04-14_19-17-47,
scale_trend,tree_8,Tree-8,tree,8,0,exact,exact,ok,,0.8906752000002598,3.9699996705166996e-05,0.890714899996965,,,0.9999554290629861,,,,,,,,,,,,,true,2,1,tree_8__exact__s0,C:\Users\mrkys\workspace\sketch_tnc\outputs\paper_strengthened\tree_8__exact__s0\2026-04-14_19-17-49,
scale_trend,tree_8,Tree-8,tree,8,1,exact,exact,ok,,0.863380299997516,4.4200001866556704e-05,0.8634244999993825,,,0.999948808491227,,,,,,,,,,,,,true,2,1,tree_8__exact__s1,C:\Users\mrkys\workspace\sketch_tnc\outputs\paper_strengthened\tree_8__exact__s1\2026-04-14_19-17-50,
scale_trend,tree_8,Tree-8,tree,8,2,exact,exact,ok,,1.1249526000065089,4.7900000936351717e-05,1.1250005000074452,,,0.9999574222394247,,,,,,,,,,,,,true,2,1,tree_8__exact__s2,C:\Users\mrkys\workspace\sketch_tnc\outputs\paper_strengthened\tree_8__exact__s2\2026-04-14_19-17-52,
scale_trend,tree_8,Tree-8,tree,8,0,fixed_rank,fixed-rank,ok,0.6724252332041912,0.019048699992708862,2.590000440250151e-05,0.019074599997111363,0.8695354000046791,45.58603588493466,0.998642173078069,4.0,18.0,0.43902439024390244,69.0,0.0,0.0,0.0,0.0,fixed,4,4.0,True,true,2,1,tree_8__fixed_rank__s0,C:\Users\mrkys\workspace\sketch_tnc\outputs\paper_strengthened\tree_8__fixed_rank__s0\2026-04-14_19-17-53,
scale_trend,tree_8,Tree-8,tree,8,1,fixed_rank,fixed-rank,ok,0.637790459836012,0.020273699996323558,3.199999991920777e-05,0.020305699996242765,0.9161205999989761,45.116425443268284,0.998424087772224,9.0,9.0,0.43902439024390244,69.0,0.0,0.0,0.0,0.0,fixed,4,4.0,True,true,2,1,tree_8__fixed_rank__s1,C:\Users\mrkys\workspace\sketch_tnc\outputs\paper_strengthened\tree_8__fixed_rank__s1\2026-04-14_19-17-55,
scale_trend,tree_8,Tree-8,tree,8,2,fixed_rank,fixed-rank,ok,0.6470679179039315,0.012337600004684646,3.01000036415644e-05,0.01236770000832621,1.0929862999910256,88.37425707017705,0.9975662407222954,9.0,3.0,0.42424242424242425,57.0,0.0,0.0,0.0,0.0,fixed,4,4.0,True,true,2,1,tree_8__fixed_rank__s2,C:\Users\mrkys\workspace\sketch_tnc\outputs\paper_strengthened\tree_8__fixed_rank__s2\2026-04-14_19-17-57,
