case_id,case_scope,topology,size_description,seed,method,method_key,status,driver_status,driver_error,reused_from_group,reused_from_run_name,rel_error,RMSE,NMSE,NMSE_dB,contract_time_sec,emit_time_sec,total_time_sec,t_contract_ratio,num_blocks,mean_rank,max_rank,peak_rank,num_exact_merges,num_compressed_merges,num_exact_leaves,num_compressed_leaves,mean_leaf_residual_ratio,mean_merge_residual_ratio,cache_enabled,cache_requests,cache_hits,cache_misses,cache_hit_rate,num_cached_states,num_implicit_merge_sketches,num_explicit_merge_compressions,skipped_small_rank_merges,skipped_small_state_merges,skipped_low_saving_merges,rank_policy,leaf_tol,merge_tol,target_rank,run_dir
main_ring_8,core,ring,"num_nodes=8, phys_dim=3, bond_dim=4, open_legs_per_node=1",0,ASTNC-L2,astnc_l2,ok,reused,,main_results_e2e,main_ring_8__astnc_l2__s0,4.273663529339475e-15,2.1541594773098242e-19,1.8264199970953154e-29,-287.38399346491207,0.0535005999954592,3.7399999200715683e-05,0.05353799999465991,0.9993014307556549,9,1.0,16,16,27,36,12,0,0.0,2.6375446901360654e-09,True,135,60,75,0.4444444444444444,75,0,36,0,0,0,adaptive,0.001,0.005,2,C:\Users\mrkys\workspace\sketch_tnc\outputs\main_results_e2e\main_ring_8__astnc_l2__s0\2026-04-10_22-45-37
main_ring_8,core,ring,"num_nodes=8, phys_dim=3, bond_dim=4, open_legs_per_node=1",1,ASTNC-L2,astnc_l2,ok,reused,,main_results_e2e,main_ring_8__astnc_l2__s1,4.3440744297741834e-15,1.1085442870431307e-19,1.8870982669677176e-29,-287.2420548420674,0.05215629999838711,3.709999691636767e-05,0.05219339999530348,0.999289182197002,9,1.0,16,16,27,36,12,0,0.0,1.636910297962205e-09,True,135,60,75,0.4444444444444444,75,0,36,0,0,0,adaptive,0.001,0.005,2,C:\Users\mrkys\workspace\sketch_tnc\outputs\main_results_e2e\main_ring_8__astnc_l2__s1\2026-04-10_22-45-41
main_ring_8,core,ring,"num_nodes=8, phys_dim=3, bond_dim=4, open_legs_per_node=1",2,ASTNC-L2,astnc_l2,ok,reused,,main_results_e2e,main_ring_8__astnc_l2__s2,0.005480598439468959,3.119903685720892e-07,3.0036959267737884e-05,-45.22344034387008,0.054437100001450744,3.66000003850786e-05,0.05447370000183582,0.9993281161113864,9,1.0,16,16,27,36,12,0,0.0,0.00038312962089419626,True,135,60,75,0.4444444444444444,75,0,36,0,0,0,adaptive,0.001,0.005,2,C:\Users\mrkys\workspace\sketch_tnc\outputs\main_results_e2e\main_ring_8__astnc_l2__s2\2026-04-10_22-45-43
main_ring_8,core,ring,"num_nodes=8, phys_dim=3, bond_dim=4, open_legs_per_node=1",0,ASTNC-L2-no-blockwise,ablate_no_blockwise,ok,reused,,pilot_protocol,ablate_ring_8__ablate_no_blockwise__s0,8.2249650560152e-15,4.1458309256965985e-19,6.765005020580983e-29,-281.6973187675892,0.029069000000163214,1.2699999842880061e-05,0.029081700000006094,0.999563299227953,1,1.0,16,16,1,6,8,0,0.0,2.69861268983621e-09,True,15,0,15,0.0,15,0,6,0,0,0,adaptive,0.001,0.005,2,C:\Users\mrkys\workspace\sketch_tnc\outputs\pilot_protocol\ablate_ring_8__ablate_no_blockwise__s0\2026-04-10_21-12-15
main_ring_8,core,ring,"num_nodes=8, phys_dim=3, bond_dim=4, open_legs_per_node=1",1,ASTNC-L2-no-blockwise,ablate_no_blockwise,ok,reused,,ablation_core,main_ring_8__ablate_no_blockwise__s1,5.095178957940358e-15,1.3002151819900482e-19,2.5960848638557514e-29,-285.8568111491409,0.030897599999661907,1.5800000255694613e-05,0.0309133999999176,0.9994888947428874,1,1.0,16,16,1,6,8,0,0.0,3.4024881971379205e-09,True,15,0,15,0.0,15,0,6,0,0,0,adaptive,0.001,0.005,2,C:\Users\mrkys\workspace\sketch_tnc\outputs\ablation_core\main_ring_8__ablate_no_blockwise__s1\2026-04-10_23-44-26
main_ring_8,core,ring,"num_nodes=8, phys_dim=3, bond_dim=4, open_legs_per_node=1",2,ASTNC-L2-no-blockwise,ablate_no_blockwise,ok,reused,,ablation_core,main_ring_8__ablate_no_blockwise__s2,4.713281222677137e-15,2.6830981362492073e-19,2.2215019893676487e-29,-286.5335329350976,0.027155600000696722,1.3500000932253897e-05,0.027169100001628976,0.9995031119201244,1,1.0,16,16,1,6,8,0,0.0,3.116492831429268e-09,True,15,0,15,0.0,15,0,6,0,0,0,adaptive,0.001,0.005,2,C:\Users\mrkys\workspace\sketch_tnc\outputs\ablation_core\main_ring_8__ablate_no_blockwise__s2\2026-04-10_23-44-28
main_ring_8,core,ring,"num_nodes=8, phys_dim=3, bond_dim=4, open_legs_per_node=1",0,ASTNC-L2-no-implicit,ablate_no_implicit,ok,reused,,pilot_protocol,ablate_ring_8__ablate_no_implicit__s0,4.273663529339475e-15,2.1541594773098242e-19,1.8264199970953154e-29,-287.38399346491207,0.042517199999110744,2.9499999527615728e-05,0.04254669999863836,0.9993066442161703,9,1.0,16,16,27,36,12,0,0.0,2.6375446901360654e-09,True,135,60,75,0.4444444444444444,75,0,36,0,0,0,adaptive,0.001,0.005,2,C:\Users\mrkys\workspace\sketch_tnc\outputs\pilot_protocol\ablate_ring_8__ablate_no_implicit__s0\2026-04-10_21-12-12
main_ring_8,core,ring,"num_nodes=8, phys_dim=3, bond_dim=4, open_legs_per_node=1",1,ASTNC-L2-no-implicit,ablate_no_implicit,ok,reused,,ablation_core,main_ring_8__ablate_no_implicit__s1,4.3440744297741834e-15,1.1085442870431307e-19,1.8870982669677176e-29,-287.2420548420674,0.05048539999916102,3.489999653538689e-05,0.050520299995696405,0.9993091886323385,9,1.0,16,16,27,36,12,0,0.0,1.636910297962205e-09,True,135,60,75,0.4444444444444444,75,0,36,0,0,0,adaptive,0.001,0.005,2,C:\Users\mrkys\workspace\sketch_tnc\outputs\ablation_core\main_ring_8__ablate_no_implicit__s1\2026-04-10_23-44-29
main_ring_8,core,ring,"num_nodes=8, phys_dim=3, bond_dim=4, open_legs_per_node=1",2,ASTNC-L2-no-implicit,ablate_no_implicit,ok,reused,,ablation_core,main_ring_8__ablate_no_implicit__s2,0.005480598439468959,3.119903685720892e-07,3.0036959267737884e-05,-45.22344034387008,0.05058619999908842,3.609999839682132e-05,0.05062229999748524,0.9992868755588367,9,1.0,16,16,27,36,12,0,0.0,0.00038312962089419626,True,135,60,75,0.4444444444444444,75,0,36,0,0,0,adaptive,0.001,0.005,2,C:\Users\mrkys\workspace\sketch_tnc\outputs\ablation_core\main_ring_8__ablate_no_implicit__s2\2026-04-10_23-44-32
main_ring_8,core,ring,"num_nodes=8, phys_dim=3, bond_dim=4, open_legs_per_node=1",0,ASTNC-L2-no-cache,ablate_no_cache,ok,reused,,pilot_protocol,ablate_ring_8__ablate_no_cache__s0,4.273663529339475e-15,2.1541594773098242e-19,1.8264199970953154e-29,-287.38399346491207,0.056775599999127735,3.390000074432464e-05,0.05680949999987206,0.9994032687887799,9,1.0,16,16,27,36,72,0,0.0,2.6375446901360654e-09,False,0,0,0,0.0,0,0,36,0,0,0,adaptive,0.001,0.005,2,C:\Users\mrkys\workspace\sketch_tnc\outputs\pilot_protocol\ablate_ring_8__ablate_no_cache__s0\2026-04-10_21-12-09
main_ring_8,core,ring,"num_nodes=8, phys_dim=3, bond_dim=4, open_legs_per_node=1",1,ASTNC-L2-no-cache,ablate_no_cache,ok,reused,,ablation_core,main_ring_8__ablate_no_cache__s1,4.3440744297741834e-15,1.1085442870431307e-19,1.8870982669677176e-29,-287.2420548420674,0.05971310000313679,3.4200003938167356e-05,0.059747300007074955,0.9994275891139257,9,1.0,16,16,27,36,72,0,0.0,1.636910297962205e-09,False,0,0,0,0.0,0,0,36,0,0,0,adaptive,0.001,0.005,2,C:\Users\mrkys\workspace\sketch_tnc\outputs\ablation_core\main_ring_8__ablate_no_cache__s1\2026-04-10_23-44-35
main_ring_8,core,ring,"num_nodes=8, phys_dim=3, bond_dim=4, open_legs_per_node=1",2,ASTNC-L2-no-cache,ablate_no_cache,ok,reused,,ablation_core,main_ring_8__ablate_no_cache__s2,0.005480598439468959,3.119903685720892e-07,3.0036959267737884e-05,-45.22344034387008,0.05965770000148041,3.5500002923072316e-05,0.05969320000440348,0.999405292329447,9,1.0,16,16,27,36,72,0,0.0,0.00038312962089419626,False,0,0,0,0.0,0,0,36,0,0,0,adaptive,0.001,0.005,2,C:\Users\mrkys\workspace\sketch_tnc\outputs\ablation_core\main_ring_8__ablate_no_cache__s2\2026-04-10_23-44-38
main_ring_8,core,ring,"num_nodes=8, phys_dim=3, bond_dim=4, open_legs_per_node=1",0,fixed-rank baseline,fixed_rank,ok,reused,,main_results_e2e,main_ring_8__fixed_rank__s0,0.8075321602784388,4.070402464662759e-05,0.6521081902034006,-1.8568034520305186,0.02340830000321148,3.290000131528359e-05,0.023441200004526763,0.9985964881359518,9,1.0,4,9,27,36,12,0,0.0,0.0,True,135,60,75,0.4444444444444444,75,27,9,0,9,0,fixed,0.0,0.0,4,C:\Users\mrkys\workspace\sketch_tnc\outputs\main_results_e2e\main_ring_8__fixed_rank__s0\2026-04-10_22-45-28
main_ring_8,core,ring,"num_nodes=8, phys_dim=3, bond_dim=4, open_legs_per_node=1",1,fixed-rank baseline,fixed_rank,ok,reused,,main_results_e2e,main_ring_8__fixed_rank__s1,0.7771009286121126,1.9830479629089817e-05,0.6038858538341185,-2.190451437212732,0.025660599994807853,3.9400003515766e-05,0.02569999999832362,0.9984669258942879,9,1.0,4,9,27,36,12,0,0.0,0.0,True,135,60,75,0.4444444444444444,75,27,9,0,9,0,fixed,0.0,0.0,4,C:\Users\mrkys\workspace\sketch_tnc\outputs\main_results_e2e\main_ring_8__fixed_rank__s1\2026-04-10_22-45-31
main_ring_8,core,ring,"num_nodes=8, phys_dim=3, bond_dim=4, open_legs_per_node=1",2,fixed-rank baseline,fixed_rank,ok,reused,,main_results_e2e,main_ring_8__fixed_rank__s2,0.832633229777223,4.7398756014085125e-05,0.6932780956299538,-1.5909252127435898,0.02393790000496665,3.300000025774352e-05,0.023970900005224394,0.998623330736469,9,1.0,4,9,27,36,12,0,0.0,0.0,True,135,60,75,0.4444444444444444,75,27,9,0,9,0,fixed,0.0,0.0,4,C:\Users\mrkys\workspace\sketch_tnc\outputs\main_results_e2e\main_ring_8__fixed_rank__s2\2026-04-10_22-45-34
main_grid2d_3x3,core,grid2d,"grid_shape=[3,3], phys_dim=3, bond_dim=4, open_legs_per_node=1",0,ASTNC-L2,astnc_l2,ok,reused,,main_results_e2e,main_grid2d_3x3__astnc_l2__s0,0.004461158998039453,9.539491641350845e-09,1.9901939738467393e-05,-47.011045931049495,0.4707789000003686,0.00018839999938791152,0.4709672999997565,0.9995999722265483,9,1.0,16,64,30,36,13,0,0.0,0.00047029083613557234,True,141,62,79,0.4397163120567376,79,13,23,0,0,0,adaptive,0.001,0.005,2,C:\Users\mrkys\workspace\sketch_tnc\outputs\main_results_e2e\main_grid2d_3x3__astnc_l2__s0\2026-04-10_22-51-36
main_grid2d_3x3,core,grid2d,"grid_shape=[3,3], phys_dim=3, bond_dim=4, open_legs_per_node=1",1,ASTNC-L2,astnc_l2,ok,reused,,main_results_e2e,main_grid2d_3x3__astnc_l2__s1,0.0036330415769231495,5.328748886719373e-09,1.3198991227935569e-05,-48.79459259770086,0.4472024999977293,0.00010399999700894114,0.44730649999473826,0.9997674972350952,9,1.0,16,64,30,36,13,0,0.0,0.0003575459070732554,True,141,62,79,0.4397163120567376,79,14,22,0,0,0,adaptive,0.001,0.005,2,C:\Users\mrkys\workspace\sketch_tnc\outputs\main_results_e2e\main_grid2d_3x3__astnc_l2__s1\2026-04-10_22-52-10
main_grid2d_3x3,core,grid2d,"grid_shape=[3,3], phys_dim=3, bond_dim=4, open_legs_per_node=1",2,ASTNC-L2,astnc_l2,ok,reused,,main_results_e2e,main_grid2d_3x3__astnc_l2__s2,0.004138565325776211,7.715338552732508e-09,1.712772308668925e-05,-47.66300367134391,0.40936689999762166,0.00014969999938330147,0.40951659999700496,0.9996344470520022,9,1.0,16,64,30,36,13,0,0.0,0.0003810082344989052,True,141,62,79,0.4397163120567376,79,14,22,0,0,0,adaptive,0.001,0.005,2,C:\Users\mrkys\workspace\sketch_tnc\outputs\main_results_e2e\main_grid2d_3x3__astnc_l2__s2\2026-04-10_22-52-45
main_grid2d_3x3,core,grid2d,"grid_shape=[3,3], phys_dim=3, bond_dim=4, open_legs_per_node=1",0,ASTNC-L2-no-blockwise,ablate_no_blockwise,ok,reused,,pilot_protocol,ablate_grid2d_3x3__ablate_no_blockwise__s0,0.010290543385193982,2.2004719547354733e-08,0.00010589528386852508,-39.751233811152126,0.9651024000004327,6.77000002724526e-05,0.9651701000007051,0.9999298569223474,1,1.0,16,223,3,5,9,0,0.0,0.0013626767873963549,True,17,0,17,0.0,17,4,1,0,0,0,adaptive,0.001,0.005,2,C:\Users\mrkys\workspace\sketch_tnc\outputs\pilot_protocol\ablate_grid2d_3x3__ablate_no_blockwise__s0\2026-04-10_21-13-58
main_grid2d_3x3,core,grid2d,"grid_shape=[3,3], phys_dim=3, bond_dim=4, open_legs_per_node=1",1,ASTNC-L2-no-blockwise,ablate_no_blockwise,ok,reused,,ablation_core,main_grid2d_3x3__ablate_no_blockwise__s1,0.011484508528423004,1.684485595322648e-08,0.0001318939374213212,-38.79775166583868,1.12815270000101,7.339999865507707e-05,1.1282260999996652,0.9999349421187339,1,1.0,16,220,3,5,9,0,0.0,0.0013669461244237408,True,17,0,17,0.0,17,4,1,0,0,0,adaptive,0.001,0.005,2,C:\Users\mrkys\workspace\sketch_tnc\outputs\ablation_core\main_grid2d_3x3__ablate_no_blockwise__s1\2026-04-10_23-44-41
main_grid2d_3x3,core,grid2d,"grid_shape=[3,3], phys_dim=3, bond_dim=4, open_legs_per_node=1",2,ASTNC-L2-no-blockwise,ablate_no_blockwise,ok,reused,,ablation_core,main_grid2d_3x3__ablate_no_blockwise__s2,0.010143615409442799,1.8910279498339736e-08,0.00010289293436148608,-39.876144471343046,1.0971197999988362,7.019999975454994e-05,1.0971899999985908,0.9999360183735226,1,1.0,16,223,3,5,9,0,0.0,0.0013671071413076956,True,17,0,17,0.0,17,4,1,0,0,0,adaptive,0.001,0.005,2,C:\Users\mrkys\workspace\sketch_tnc\outputs\ablation_core\main_grid2d_3x3__ablate_no_blockwise__s2\2026-04-10_23-44-58
main_grid2d_3x3,core,grid2d,"grid_shape=[3,3], phys_dim=3, bond_dim=4, open_legs_per_node=1",0,ASTNC-L2-no-implicit,ablate_no_implicit,ok,reused,,pilot_protocol,ablate_grid2d_3x3__ablate_no_implicit__s0,0.00446115899803946,9.539491641350858e-09,1.990193973846745e-05,-47.01104593104947,2.77147819999891,0.00014390000023922767,2.771622099999149,0.9999480809446427,9,1.0,16,64,30,36,13,0,0.0,0.0004702902284434588,True,141,62,79,0.4397163120567376,79,0,36,0,0,0,adaptive,0.001,0.005,2,C:\Users\mrkys\workspace\sketch_tnc\outputs\pilot_protocol\ablate_grid2d_3x3__ablate_no_implicit__s0\2026-04-10_21-13-22
main_grid2d_3x3,core,grid2d,"grid_shape=[3,3], phys_dim=3, bond_dim=4, open_legs_per_node=1",1,ASTNC-L2-no-implicit,ablate_no_implicit,ok,reused,,ablation_core,main_grid2d_3x3__ablate_no_implicit__s1,0.003633041576923148,5.328748886719371e-09,1.3198991227935557e-05,-48.79459259770087,3.1855795999981638,0.00017070000103558414,3.1857502999991993,0.9999464176454647,9,1.0,16,64,30,36,13,0,0.0,0.00035754597643480055,True,141,62,79,0.4397163120567376,79,0,36,0,0,0,adaptive,0.001,0.005,2,C:\Users\mrkys\workspace\sketch_tnc\outputs\ablation_core\main_grid2d_3x3__ablate_no_implicit__s1\2026-04-10_23-45-14
main_grid2d_3x3,core,grid2d,"grid_shape=[3,3], phys_dim=3, bond_dim=4, open_legs_per_node=1",2,ASTNC-L2-no-implicit,ablate_no_implicit,ok,reused,,ablation_core,main_grid2d_3x3__ablate_no_implicit__s2,0.004138565325776269,7.715338552732617e-09,1.7127723086689738e-05,-47.66300367134378,3.2939267000019754,0.0001393999955325853,3.294066099997508,0.9999576814817005,9,1.0,16,64,30,36,13,0,0.0,0.0003810077576655749,True,141,62,79,0.4397163120567376,79,0,36,0,0,0,adaptive,0.001,0.005,2,C:\Users\mrkys\workspace\sketch_tnc\outputs\ablation_core\main_grid2d_3x3__ablate_no_implicit__s2\2026-04-10_23-45-59
main_grid2d_3x3,core,grid2d,"grid_shape=[3,3], phys_dim=3, bond_dim=4, open_legs_per_node=1",0,ASTNC-L2-no-cache,ablate_no_cache,ok,reused,,pilot_protocol,ablate_grid2d_3x3__ablate_no_cache__s0,0.004461158998039453,9.539491641350845e-09,1.9901939738467393e-05,-47.011045931049495,0.21301020000009885,9.820000059335143e-05,0.2131084000006922,0.9995392016382622,9,1.0,16,64,36,36,81,0,0.0,0.0004310999331242746,False,0,0,0,0.0,0,13,23,0,0,0,adaptive,0.001,0.005,2,C:\Users\mrkys\workspace\sketch_tnc\outputs\pilot_protocol\ablate_grid2d_3x3__ablate_no_cache__s0\2026-04-10_21-12-49
main_grid2d_3x3,core,grid2d,"grid_shape=[3,3], phys_dim=3, bond_dim=4, open_legs_per_node=1",1,ASTNC-L2-no-cache,ablate_no_cache,ok,reused,,ablation_core,main_grid2d_3x3__ablate_no_cache__s1,0.0036330415769231495,5.328748886719373e-09,1.3198991227935569e-05,-48.79459259770086,0.5375072000006185,0.00018139999519917183,0.5376885999958176,0.9996626300126128,9,1.0,16,64,36,36,81,0,0.0,0.0003277504148171508,False,0,0,0,0.0,0,14,22,0,0,0,adaptive,0.001,0.005,2,C:\Users\mrkys\workspace\sketch_tnc\outputs\ablation_core\main_grid2d_3x3__ablate_no_cache__s1\2026-04-10_23-46-43
main_grid2d_3x3,core,grid2d,"grid_shape=[3,3], phys_dim=3, bond_dim=4, open_legs_per_node=1",2,ASTNC-L2-no-cache,ablate_no_cache,ok,reused,,ablation_core,main_grid2d_3x3__ablate_no_cache__s2,0.004138565325776211,7.715338552732508e-09,1.712772308668925e-05,-47.66300367134391,0.39457640000182437,0.00016839999807416461,0.39474479999989853,0.9995733952693645,9,1.0,16,64,36,36,81,0,0.0,0.0003492575482906631,False,0,0,0,0.0,0,14,22,0,0,0,adaptive,0.001,0.005,2,C:\Users\mrkys\workspace\sketch_tnc\outputs\ablation_core\main_grid2d_3x3__ablate_no_cache__s2\2026-04-10_23-47-23
main_grid2d_3x3,core,grid2d,"grid_shape=[3,3], phys_dim=3, bond_dim=4, open_legs_per_node=1",0,fixed-rank baseline,fixed_rank,ok,reused,,main_results_e2e,main_grid2d_3x3__fixed_rank__s0,0.9801624658690081,2.095924322453513e-06,0.960718465903176,-0.1740386167391808,0.06577399999878253,0.00015970000276865903,0.06593370000155119,0.9975778698334465,9,1.0,4,4,12,54,13,0,0.0,0.0,True,141,62,79,0.4397163120567376,79,45,9,0,0,0,fixed,0.0,0.0,4,C:\Users\mrkys\workspace\sketch_tnc\outputs\main_results_e2e\main_grid2d_3x3__fixed_rank__s0\2026-04-10_22-49-54
main_grid2d_3x3,core,grid2d,"grid_shape=[3,3], phys_dim=3, bond_dim=4, open_legs_per_node=1",1,fixed-rank baseline,fixed_rank,ok,reused,,main_results_e2e,main_grid2d_3x3__fixed_rank__s1,0.9796896242282239,1.4369557528868047e-06,0.9597917691488239,-0.17822978750934815,0.06354020000071614,0.00021219999689492397,0.06375239999761106,0.9966714978902825,9,1.0,4,4,12,54,13,0,0.0,0.0,True,141,62,79,0.4397163120567376,79,45,9,0,0,0,fixed,0.0,0.0,4,C:\Users\mrkys\workspace\sketch_tnc\outputs\main_results_e2e\main_grid2d_3x3__fixed_rank__s1\2026-04-10_22-50-28
main_grid2d_3x3,core,grid2d,"grid_shape=[3,3], phys_dim=3, bond_dim=4, open_legs_per_node=1",2,fixed-rank baseline,fixed_rank,ok,reused,,main_results_e2e,main_grid2d_3x3__fixed_rank__s2,0.9768860698784515,1.8211641386008455e-06,0.9543064008199473,-0.20312163219542217,0.06735630000366655,0.00010350000047765207,0.0674598000041442,0.9984657529155176,9,1.0,4,4,12,54,13,0,0.0,0.0,True,141,62,79,0.4397163120567376,79,45,9,0,0,0,fixed,0.0,0.0,4,C:\Users\mrkys\workspace\sketch_tnc\outputs\main_results_e2e\main_grid2d_3x3__fixed_rank__s2\2026-04-10_22-51-02
main_random_8,extended_optional,random_connected,"num_nodes=8, phys_dim=3, bond_dim=4, edge_prob=0.35, open_legs_per_node=1",0,ASTNC-L2,astnc_l2,ok,reused,,main_results_e2e,main_random_8__astnc_l2__s0,4.94505031907079e-15,8.090367337419703e-20,2.4453522695047434e-29,-286.1165856898126,0.039196900002934854,3.409999953873921e-05,0.03923100000247359,0.9991307894130733,9,1.0,16,81,12,21,12,0,0.0,1.701207195360825e-09,True,75,30,45,0.4,45,3,18,0,0,0,adaptive,0.001,0.005,2,C:\Users\mrkys\workspace\sketch_tnc\outputs\main_results_e2e\main_random_8__astnc_l2__s0\2026-04-10_22-53-31
main_random_8,extended_optional,random_connected,"num_nodes=8, phys_dim=3, bond_dim=4, edge_prob=0.35, open_legs_per_node=1",1,ASTNC-L2,astnc_l2,ok,reused,,main_results_e2e,main_random_8__astnc_l2__s1,3.535549354709715e-15,4.8005034803442705e-20,1.250010926231982e-29,-289.0308619084673,0.030996999996204977,2.890000178012997e-05,0.031025899997985107,0.9990685200822192,9,1.0,16,27,36,27,12,0,0.0,1.7783001094921215e-09,True,135,60,75,0.4444444444444444,75,0,27,0,0,0,adaptive,0.001,0.005,2,C:\Users\mrkys\workspace\sketch_tnc\outputs\main_results_e2e\main_random_8__astnc_l2__s1\2026-04-10_22-53-33
main_random_8,extended_optional,random_connected,"num_nodes=8, phys_dim=3, bond_dim=4, edge_prob=0.35, open_legs_per_node=1",2,ASTNC-L2,astnc_l2,ok,reused,,main_results_e2e,main_random_8__astnc_l2__s2,5.636442226415966e-14,9.977950392593688e-20,3.176948141484239e-27,-264.9798987426667,0.08687340000142285,3.1800000215298496e-05,0.08690520000163815,0.9996340840224252,9,1.0,16,81,12,21,12,0,0.0,2.455053303444738e-09,True,75,30,45,0.4,45,3,18,0,0,0,adaptive,0.001,0.005,2,C:\Users\mrkys\workspace\sketch_tnc\outputs\main_results_e2e\main_random_8__astnc_l2__s2\2026-04-10_22-53-34
main_random_8,extended_optional,random_connected,"num_nodes=8, phys_dim=3, bond_dim=4, edge_prob=0.35, open_legs_per_node=1",0,ASTNC-L2-no-blockwise,ablate_no_blockwise,ok,reused,,ablation_core,main_random_8__ablate_no_blockwise__s0,0.003959458066773622,6.477885592745108e-08,1.5677308206198934e-05,-48.04728503612665,0.04299869999886141,2.2199999875738285e-05,0.04302089999873715,0.999483971723607,1,1.0,16,143,2,5,8,0,0.0,0.0007485408159096288,True,15,0,15,0.0,15,1,4,0,0,0,adaptive,0.001,0.005,2,C:\Users\mrkys\workspace\sketch_tnc\outputs\ablation_core\main_random_8__ablate_no_blockwise__s0\2026-04-10_23-47-54
main_random_8,extended_optional,random_connected,"num_nodes=8, phys_dim=3, bond_dim=4, edge_prob=0.35, open_legs_per_node=1",1,ASTNC-L2-no-blockwise,ablate_no_blockwise,ok,reused,,ablation_core,main_random_8__ablate_no_blockwise__s1,5.6834355866254115e-15,7.716863654459677e-20,3.230144012606053e-29,-284.9077811467017,0.02641869999933988,1.2599999536178075e-05,0.026431299998876057,0.9995232924397879,1,1.0,16,48,3,4,8,0,0.0,2.2954506624281e-09,True,15,0,15,0.0,15,0,4,0,0,0,adaptive,0.001,0.005,2,C:\Users\mrkys\workspace\sketch_tnc\outputs\ablation_core\main_random_8__ablate_no_blockwise__s1\2026-04-10_23-47-55
main_random_8,extended_optional,random_connected,"num_nodes=8, phys_dim=3, bond_dim=4, edge_prob=0.35, open_legs_per_node=1",2,ASTNC-L2-no-blockwise,ablate_no_blockwise,ok,reused,,ablation_core,main_random_8__ablate_no_blockwise__s2,0.006543329142923816,1.1583373157720026e-08,4.2815156869817465e-05,-43.684024604341815,0.22109500000078697,1.2500000593718141e-05,0.22110750000138069,0.9999434664061889,1,1.0,16,237,3,4,8,0,0.0,0.0009973229226786396,True,15,0,15,0.0,15,3,1,0,0,0,adaptive,0.001,0.005,2,C:\Users\mrkys\workspace\sketch_tnc\outputs\ablation_core\main_random_8__ablate_no_blockwise__s2\2026-04-10_23-47-57
main_random_8,extended_optional,random_connected,"num_nodes=8, phys_dim=3, bond_dim=4, edge_prob=0.35, open_legs_per_node=1",0,ASTNC-L2-no-implicit,ablate_no_implicit,ok,reused,,ablation_core,main_random_8__ablate_no_implicit__s0,4.540154834499412e-15,7.427936625478933e-20,2.0613005952337583e-29,-286.8585867132988,0.05069220000586938,3.3999998777289875e-05,0.05072620000464667,0.9993297349343435,9,1.0,16,81,12,21,12,0,0.0,1.3799276344464428e-09,True,75,30,45,0.4,45,0,21,0,0,0,adaptive,0.001,0.005,2,C:\Users\mrkys\workspace\sketch_tnc\outputs\ablation_core\main_random_8__ablate_no_implicit__s0\2026-04-10_23-47-58
main_random_8,extended_optional,random_connected,"num_nodes=8, phys_dim=3, bond_dim=4, edge_prob=0.35, open_legs_per_node=1",1,ASTNC-L2-no-implicit,ablate_no_implicit,ok,reused,,ablation_core,main_random_8__ablate_no_implicit__s1,3.535549354709715e-15,4.8005034803442705e-20,1.250010926231982e-29,-289.0308619084673,0.0335285000019212,3.179999839630909e-05,0.03356030000031751,0.9990524518733427,9,1.0,16,27,36,27,12,0,0.0,1.7783001094921215e-09,True,135,60,75,0.4444444444444444,75,0,27,0,0,0,adaptive,0.001,0.005,2,C:\Users\mrkys\workspace\sketch_tnc\outputs\ablation_core\main_random_8__ablate_no_implicit__s1\2026-04-10_23-48-00
main_random_8,extended_optional,random_connected,"num_nodes=8, phys_dim=3, bond_dim=4, edge_prob=0.35, open_legs_per_node=1",2,ASTNC-L2-no-implicit,ablate_no_implicit,ok,reused,,ablation_core,main_random_8__ablate_no_implicit__s2,5.646193581475805e-15,9.995212795566903e-21,3.187950240415055e-29,-284.964884659716,0.10117019999779586,3.65999985660892e-05,0.10120679999636195,0.9996383642248639,9,1.0,16,81,12,21,12,0,0.0,1.4103771012819907e-09,True,75,30,45,0.4,45,0,21,0,0,0,adaptive,0.001,0.005,2,C:\Users\mrkys\workspace\sketch_tnc\outputs\ablation_core\main_random_8__ablate_no_implicit__s2\2026-04-10_23-48-01
main_random_8,extended_optional,random_connected,"num_nodes=8, phys_dim=3, bond_dim=4, edge_prob=0.35, open_legs_per_node=1",0,ASTNC-L2-no-cache,ablate_no_cache,ok,reused,,ablation_core,main_random_8__ablate_no_cache__s0,4.94505031907079e-15,8.090367337419703e-20,2.4453522695047434e-29,-286.1165856898126,0.10664599999836355,3.749999996216502e-05,0.10668349999832571,0.9996484929631817,9,1.0,16,81,36,27,72,0,0.0,2.673325592709868e-09,False,0,0,0,0.0,0,9,18,0,0,0,adaptive,0.001,0.005,2,C:\Users\mrkys\workspace\sketch_tnc\outputs\ablation_core\main_random_8__ablate_no_cache__s0\2026-04-10_23-48-04
main_random_8,extended_optional,random_connected,"num_nodes=8, phys_dim=3, bond_dim=4, edge_prob=0.35, open_legs_per_node=1",1,ASTNC-L2-no-cache,ablate_no_cache,ok,reused,,ablation_core,main_random_8__ablate_no_cache__s1,3.535549354709715e-15,4.8005034803442705e-20,1.250010926231982e-29,-289.0308619084673,0.04197060000115016,3.46000033459859e-05,0.042005200004496146,0.9991762923556736,9,1.0,16,27,36,27,72,0,0.0,1.7783001094921215e-09,False,0,0,0,0.0,0,0,27,0,0,0,adaptive,0.001,0.005,2,C:\Users\mrkys\workspace\sketch_tnc\outputs\ablation_core\main_random_8__ablate_no_cache__s1\2026-04-10_23-48-06
main_random_8,extended_optional,random_connected,"num_nodes=8, phys_dim=3, bond_dim=4, edge_prob=0.35, open_legs_per_node=1",2,ASTNC-L2-no-cache,ablate_no_cache,ok,reused,,ablation_core,main_random_8__ablate_no_cache__s2,5.636442226415966e-14,9.977950392593688e-20,3.176948141484239e-27,-264.9798987426667,0.28803679999873566,3.839999953925144e-05,0.2880751999982749,0.9998667014705211,9,1.0,16,81,36,27,72,0,0.0,3.857940905413161e-09,False,0,0,0,0.0,0,9,18,0,0,0,adaptive,0.001,0.005,2,C:\Users\mrkys\workspace\sketch_tnc\outputs\ablation_core\main_random_8__ablate_no_cache__s2\2026-04-10_23-48-07
main_random_8,extended_optional,random_connected,"num_nodes=8, phys_dim=3, bond_dim=4, edge_prob=0.35, open_legs_per_node=1",0,fixed-rank baseline,fixed_rank,ok,reused,,main_results_e2e,main_random_8__fixed_rank__s0,0.935519502694432,1.5305600428228543e-05,0.8751967412424866,-0.5789430808450272,0.014656599998488673,3.879999894706998e-05,0.014695399997435743,0.9973597180103161,9,1.0,4,9,15,18,12,0,0.0,0.0,True,75,30,45,0.4,45,9,9,0,3,0,fixed,0.0,0.0,4,C:\Users\mrkys\workspace\sketch_tnc\outputs\main_results_e2e\main_random_8__fixed_rank__s0\2026-04-10_22-53-26
main_random_8,extended_optional,random_connected,"num_nodes=8, phys_dim=3, bond_dim=4, edge_prob=0.35, open_legs_per_node=1",1,fixed-rank baseline,fixed_rank,ok,reused,,main_results_e2e,main_random_8__fixed_rank__s1,0.861307386204862,1.1694672285128219e-05,0.7418504148801116,-1.296836560973906,0.020435999998881016,3.270000161137432e-05,0.02046870000049239,0.9984024387181898,9,1.0,4,9,27,36,12,0,0.0,0.0,True,135,60,75,0.4444444444444444,75,18,18,0,9,0,fixed,0.0,0.0,4,C:\Users\mrkys\workspace\sketch_tnc\outputs\main_results_e2e\main_random_8__fixed_rank__s1\2026-04-10_22-53-28
main_random_8,extended_optional,random_connected,"num_nodes=8, phys_dim=3, bond_dim=4, edge_prob=0.35, open_legs_per_node=1",2,fixed-rank baseline,fixed_rank,ok,reused,,main_results_e2e,main_random_8__fixed_rank__s2,0.9881300222398411,1.7492439285785038e-06,0.976400954470448,-0.10371804714654329,0.06597829999918758,3.459999970800709e-05,0.06601289999889559,0.9994758600105726,9,1.0,4,4,12,21,12,0,0.0,0.0,True,75,30,45,0.4,45,12,9,0,0,0,fixed,0.0,0.0,4,C:\Users\mrkys\workspace\sketch_tnc\outputs\main_results_e2e\main_random_8__fixed_rank__s2\2026-04-10_22-53-29
