case_id,topology,size_description,scale_level,seed,method,method_key,status,status_source,driver_status,driver_error,rel_error,RMSE,NMSE,NMSE_dB,contract_time_sec,emit_time_sec,total_time_sec,t_contract_ratio,speedup_vs_exact,num_blocks,mean_rank,max_rank,peak_rank,num_exact_merges,num_compressed_merges,mean_merge_residual_ratio,num_implicit_merge_sketches,cache_hit_rate,run_dir,relative_runtime_rank_within_case,relative_error_rank_within_case
main_chain_8,chain,"num_nodes=8, phys_dim=3, bond_dim=4, open_legs_per_node=1",easy,0,exact,exact,ok,reused:main_results_raw_runs.csv,reused,,0.0,0.0,0.0,-inf,0.9313113000007434,4.769999941345304e-05,0.9313590000001568,0.9999487845176636,0.9550467649941754,9,,,,,,,,,C:\Users\mrkys\workspace\sketch_tnc\outputs\main_results_e2e\main_chain_8__exact__s0\2026-04-10_22-53-36,5,
main_chain_8,chain,"num_nodes=8, phys_dim=3, bond_dim=4, open_legs_per_node=1",easy,1,exact,exact,ok,reused:main_results_raw_runs.csv,reused,,0.0,0.0,0.0,-inf,1.0336931999991066,4.850000004807953e-05,1.0337416999991547,0.9999530830563881,0.9366780889248212,9,,,,,,,,,C:\Users\mrkys\workspace\sketch_tnc\outputs\main_results_e2e\main_chain_8__exact__s1\2026-04-10_22-53-39,5,
main_chain_8,chain,"num_nodes=8, phys_dim=3, bond_dim=4, open_legs_per_node=1",easy,2,exact,exact,ok,reused:main_results_raw_runs.csv,reused,,0.0,0.0,0.0,-inf,0.9901488000014069,4.799999987881165e-05,0.9901968000012857,0.9999515247869124,1.0286401652608803,9,,,,,,,,,C:\Users\mrkys\workspace\sketch_tnc\outputs\main_results_e2e\main_chain_8__exact__s2\2026-04-10_22-53-42,5,
main_chain_8,chain,"num_nodes=8, phys_dim=3, bond_dim=4, open_legs_per_node=1",easy,0,fixed-rank baseline,fixed_rank,ok,reused:main_results_raw_runs.csv,reused,,2.242990577851192e-15,2.268703235839821e-19,5.031006733557367e-30,-292.98345101409126,0.017548900003021117,8.030000208236743e-05,0.017629200005103485,0.9954450568911485,52.83047442484839,9,1.0,4,9,27,36,0.0,0,0.4444444444444444,C:\Users\mrkys\workspace\sketch_tnc\outputs\main_results_e2e\main_chain_8__fixed_rank__s0\2026-04-10_22-53-45,1,
main_chain_8,chain,"num_nodes=8, phys_dim=3, bond_dim=4, open_legs_per_node=1",easy,1,fixed-rank baseline,fixed_rank,ok,reused:main_results_raw_runs.csv,reused,,3.903948635811482e-15,1.1722310273368252e-19,1.5240814963587016e-29,-288.16991809589217,0.013560200000938494,2.9799999538226984e-05,0.01359000000047672,0.9978072111453282,76.0663502548118,9,1.0,4,9,27,36,0.0,0,0.4444444444444444,C:\Users\mrkys\workspace\sketch_tnc\outputs\main_results_e2e\main_chain_8__fixed_rank__s1\2026-04-10_22-53-47,1,
main_chain_8,chain,"num_nodes=8, phys_dim=3, bond_dim=4, open_legs_per_node=1",easy,2,fixed-rank baseline,fixed_rank,ok,reused:main_results_raw_runs.csv,reused,,2.5660039573652933e-15,2.7329770107648544e-19,6.584376310740794e-30,-291.8148535625752,0.012523899997177068,3.099999776168261e-05,0.01255489999493875,0.997530844628654,78.86934984750681,9,1.0,4,9,27,36,0.0,0,0.4444444444444444,C:\Users\mrkys\workspace\sketch_tnc\outputs\main_results_e2e\main_chain_8__fixed_rank__s2\2026-04-10_22-53-49,1,
main_chain_8,chain,"num_nodes=8, phys_dim=3, bond_dim=4, open_legs_per_node=1",easy,0,ASTNC-L1,astnc_l1,ok,runner,reused,,2.393505278631536e-15,2.4209433709851784e-19,5.728867520235528e-30,-292.41931220671654,0.07238350000261562,3.900001320289448e-05,0.07242250001581851,0.9994614931244593,12.860078011622486,9,1.0,16,4,18,45,0.0,0,0.4444444444444444,C:\Users\mrkys\workspace\sketch_tnc\outputs\generalization\main_chain_8__astnc_l1__s0\2026-04-11_09-08-49,3,1
main_chain_8,chain,"num_nodes=8, phys_dim=3, bond_dim=4, open_legs_per_node=1",easy,1,ASTNC-L1,astnc_l1,ok,runner,reused,,2.860386935716153e-15,8.588827950955896e-20,8.181813428743635e-30,-290.87150428014246,0.07238849998248043,3.980001201853156e-05,0.07242829999449896,0.9994504908575652,14.272621338312081,9,1.0,16,4,18,45,0.0,0,0.4444444444444444,C:\Users\mrkys\workspace\sketch_tnc\outputs\generalization\main_chain_8__astnc_l1__s1\2026-04-11_09-09-00,3,1
main_chain_8,chain,"num_nodes=8, phys_dim=3, bond_dim=4, open_legs_per_node=1",easy,2,ASTNC-L1,astnc_l1,ok,runner,reused,,2.4574180016932725e-15,2.617325232562503e-19,6.0389032364461456e-30,-292.1904192919515,0.06900939998740796,4.009999247500673e-05,0.06904949997988297,0.9994192572938817,14.34039059355639,9,1.0,16,4,18,45,0.0,0,0.4444444444444444,C:\Users\mrkys\workspace\sketch_tnc\outputs\generalization\main_chain_8__astnc_l1__s2\2026-04-11_09-09-11,3,1
main_chain_8,chain,"num_nodes=8, phys_dim=3, bond_dim=4, open_legs_per_node=1",easy,0,ASTNC-L2,astnc_l2,ok,reused:main_results_raw_runs.csv,reused,,2.393505278631536e-15,2.4209433709851784e-19,5.728867520235528e-30,-292.41931220671654,0.02219909999803349,3.690000266942661e-05,0.022236000000702916,0.9983405287072046,41.885186183248564,9,1.0,16,4,18,45,0.0,0,0.4444444444444444,C:\Users\mrkys\workspace\sketch_tnc\outputs\main_results_e2e\main_chain_8__astnc_l2__s0\2026-04-10_22-53-51,2,2
main_chain_8,chain,"num_nodes=8, phys_dim=3, bond_dim=4, open_legs_per_node=1",easy,1,ASTNC-L2,astnc_l2,ok,reused:main_results_raw_runs.csv,reused,,2.860386935716153e-15,8.588827950955896e-20,8.181813428743635e-30,-290.87150428014246,0.021292400000675116,3.449999894655775e-05,0.021326899999621673,0.9983823246723363,48.47125930245336,9,1.0,16,4,18,45,0.0,0,0.4444444444444444,C:\Users\mrkys\workspace\sketch_tnc\outputs\main_results_e2e\main_chain_8__astnc_l2__s1\2026-04-10_22-53-53,2,2
main_chain_8,chain,"num_nodes=8, phys_dim=3, bond_dim=4, open_legs_per_node=1",easy,2,ASTNC-L2,astnc_l2,ok,reused:main_results_raw_runs.csv,reused,,2.4574180016932725e-15,2.617325232562503e-19,6.0389032364461456e-30,-292.1904192919515,0.021166200001971447,3.279999873484485e-05,0.021199000000706292,0.9984527572181611,46.709599507915236,9,1.0,16,4,18,45,0.0,0,0.4444444444444444,C:\Users\mrkys\workspace\sketch_tnc\outputs\main_results_e2e\main_chain_8__astnc_l2__s2\2026-04-10_22-53-55,2,2
main_chain_8,chain,"num_nodes=8, phys_dim=3, bond_dim=4, open_legs_per_node=1",easy,0,ASTNC-L3,astnc_l3,ok,runner,reused,,2.393505278631536e-15,2.4209433709851784e-19,5.728867520235528e-30,-292.41931220671654,0.11068729998805793,4.049999552080408e-05,0.11072779998357873,0.999634238226295,8.411248125026237,9,1.0,16,4,18,45,0.0,0,0.4444444444444444,C:\Users\mrkys\workspace\sketch_tnc\outputs\generalization\main_chain_8__astnc_l3__s0\2026-04-11_09-09-21,4,3
main_chain_8,chain,"num_nodes=8, phys_dim=3, bond_dim=4, open_legs_per_node=1",easy,1,ASTNC-L3,astnc_l3,ok,runner,reused,,0.007427639996785861,2.2302829459001193e-07,5.516983596721982e-05,-42.582983072990515,0.11195610000140732,3.9200000173877925e-05,0.1119953000015812,0.9996499853014101,9.230223946759907,9,1.0,16,4,17,46,0.0003526731757329807,0,0.4444444444444444,C:\Users\mrkys\workspace\sketch_tnc\outputs\generalization\main_chain_8__astnc_l3__s1\2026-04-11_09-09-31,4,3
main_chain_8,chain,"num_nodes=8, phys_dim=3, bond_dim=4, open_legs_per_node=1",easy,2,ASTNC-L3,astnc_l3,ok,runner,reused,,2.4574180016932725e-15,2.617325232562503e-19,6.0389032364461456e-30,-292.1904192919515,0.10762229999818373,3.800000558840111e-05,0.10766030000377214,0.9996470378905992,9.197418175191707,9,1.0,16,4,18,45,0.0,0,0.4444444444444444,C:\Users\mrkys\workspace\sketch_tnc\outputs\generalization\main_chain_8__astnc_l3__s2\2026-04-11_09-09-42,4,3
main_ring_8,ring,"num_nodes=8, phys_dim=3, bond_dim=4, open_legs_per_node=1",easy,0,exact,exact,ok,reused:main_results_raw_runs.csv,reused,,0.0,0.0,0.0,-inf,3.134216700002071,6.480000047304202e-05,3.134281500002544,0.9999793254047306,0.6239290248808966,9,,,,,,,,,C:\Users\mrkys\workspace\sketch_tnc\outputs\main_results_e2e\main_ring_8__exact__s0\2026-04-10_22-45-09,5,
main_ring_8,ring,"num_nodes=8, phys_dim=3, bond_dim=4, open_legs_per_node=1",easy,1,exact,exact,ok,reused:main_results_raw_runs.csv,reused,,0.0,0.0,0.0,-inf,2.921660399997563,6.130000110715628e-05,2.9217216999986704,0.9999790192193503,0.6603391075881697,9,,,,,,,,,C:\Users\mrkys\workspace\sketch_tnc\outputs\main_results_e2e\main_ring_8__exact__s1\2026-04-10_22-45-16,5,
main_ring_8,ring,"num_nodes=8, phys_dim=3, bond_dim=4, open_legs_per_node=1",easy,2,exact,exact,ok,reused:main_results_raw_runs.csv,reused,,0.0,0.0,0.0,-inf,2.965579499996238,6.379999649652746e-05,2.9656432999927347,0.999978486961835,0.6560053260614951,9,,,,,,,,,C:\Users\mrkys\workspace\sketch_tnc\outputs\main_results_e2e\main_ring_8__exact__s2\2026-04-10_22-45-22,5,
main_ring_8,ring,"num_nodes=8, phys_dim=3, bond_dim=4, open_legs_per_node=1",easy,0,fixed-rank baseline,fixed_rank,ok,reused:ablation_core_raw_runs.csv,reused,,0.8075321602784388,4.070402464662759e-05,0.6521081902034006,-1.8568034520305186,0.02340830000321148,3.290000131528359e-05,0.023441200004526763,0.9985964881359518,133.70823590077634,9,1.0,4,9,27,36,0.0,27,0.4444444444444444,C:\Users\mrkys\workspace\sketch_tnc\outputs\main_results_e2e\main_ring_8__fixed_rank__s0\2026-04-10_22-45-28,1,
main_ring_8,ring,"num_nodes=8, phys_dim=3, bond_dim=4, open_legs_per_node=1",easy,1,fixed-rank baseline,fixed_rank,ok,reused:ablation_core_raw_runs.csv,reused,,0.7771009286121126,1.9830479629089817e-05,0.6038858538341185,-2.190451437212732,0.025660599994807853,3.9400003515766e-05,0.02569999999832362,0.9984669258942879,113.68566926806423,9,1.0,4,9,27,36,0.0,27,0.4444444444444444,C:\Users\mrkys\workspace\sketch_tnc\outputs\main_results_e2e\main_ring_8__fixed_rank__s1\2026-04-10_22-45-31,1,
main_ring_8,ring,"num_nodes=8, phys_dim=3, bond_dim=4, open_legs_per_node=1",easy,2,fixed-rank baseline,fixed_rank,ok,reused:ablation_core_raw_runs.csv,reused,,0.832633229777223,4.7398756014085125e-05,0.6932780956299538,-1.5909252127435898,0.02393790000496665,3.300000025774352e-05,0.023970900005224394,0.998623330736469,123.7184794624474,9,1.0,4,9,27,36,0.0,27,0.4444444444444444,C:\Users\mrkys\workspace\sketch_tnc\outputs\main_results_e2e\main_ring_8__fixed_rank__s2\2026-04-10_22-45-34,1,
main_ring_8,ring,"num_nodes=8, phys_dim=3, bond_dim=4, open_legs_per_node=1",easy,0,ASTNC-L1,astnc_l1,ok,reused:strength_sensitivity_raw_runs.csv,reused,,4.273663529339475e-15,2.1541594773098242e-19,1.8264199970953154e-29,-287.38399346491207,0.04342399999995905,2.9200000426499173e-05,0.04345320000038555,0.999328012633694,72.13005026038897,9,1.0,16,16,27,36,2.6375446901360654e-09,0,0.4444444444444444,C:\Users\mrkys\workspace\sketch_tnc\outputs\pilot_protocol\main_ring_8__astnc_l1__s0\2026-04-10_20-47-13,2,1
main_ring_8,ring,"num_nodes=8, phys_dim=3, bond_dim=4, open_legs_per_node=1",easy,1,ASTNC-L1,astnc_l1,ok,reused:strength_sensitivity_raw_runs.csv,reused,,4.3440744297741834e-15,1.1085442870431307e-19,1.8870982669677176e-29,-287.2420548420674,0.04564310000023397,2.970000059576705e-05,0.04567280000082974,0.9993497223381406,63.97071561072654,9,1.0,16,16,27,36,1.636910297962205e-09,0,0.4444444444444444,C:\Users\mrkys\workspace\sketch_tnc\outputs\pilot_protocol\main_ring_8__astnc_l1__s1\2026-04-10_20-47-16,2,1
main_ring_8,ring,"num_nodes=8, phys_dim=3, bond_dim=4, open_legs_per_node=1",easy,2,ASTNC-L1,astnc_l1,ok,reused:strength_sensitivity_raw_runs.csv,reused,,4.74811385642094e-15,2.7029270771214353e-19,2.2544585203315075e-29,-286.4695775084615,0.05425199999990582,3.859999924316071e-05,0.05429059999914898,0.999289011352922,54.62535503455887,9,1.0,16,16,27,36,1.5646647676976439e-09,0,0.4444444444444444,C:\Users\mrkys\workspace\sketch_tnc\outputs\strength_sensitivity\main_ring_8__astnc_l1__s2\2026-04-11_00-16-12,2,1
main_ring_8,ring,"num_nodes=8, phys_dim=3, bond_dim=4, open_legs_per_node=1",easy,0,ASTNC-L2,astnc_l2,ok,reused:strength_sensitivity_raw_runs.csv,reused,,4.273663529339475e-15,2.1541594773098242e-19,1.8264199970953154e-29,-287.38399346491207,0.0535005999954592,3.7399999200715683e-05,0.05353799999465991,0.9993014307556549,58.5431189120843,9,1.0,16,16,27,36,2.6375446901360654e-09,0,0.4444444444444444,C:\Users\mrkys\workspace\sketch_tnc\outputs\main_results_e2e\main_ring_8__astnc_l2__s0\2026-04-10_22-45-37,4,2
main_ring_8,ring,"num_nodes=8, phys_dim=3, bond_dim=4, open_legs_per_node=1",easy,1,ASTNC-L2,astnc_l2,ok,reused:strength_sensitivity_raw_runs.csv,reused,,4.3440744297741834e-15,1.1085442870431307e-19,1.8870982669677176e-29,-287.2420548420674,0.05215629999838711,3.709999691636767e-05,0.05219339999530348,0.999289182197002,55.978757855621126,9,1.0,16,16,27,36,1.636910297962205e-09,0,0.4444444444444444,C:\Users\mrkys\workspace\sketch_tnc\outputs\main_results_e2e\main_ring_8__astnc_l2__s1\2026-04-10_22-45-41,4,2
main_ring_8,ring,"num_nodes=8, phys_dim=3, bond_dim=4, open_legs_per_node=1",easy,2,ASTNC-L2,astnc_l2,ok,reused:strength_sensitivity_raw_runs.csv,reused,,0.005480598439468959,3.119903685720892e-07,3.0036959267737884e-05,-45.22344034387008,0.054437100001450744,3.66000003850786e-05,0.05447370000183582,0.9993281161113864,54.44174528061779,9,1.0,16,16,27,36,0.00038312962089419626,0,0.4444444444444444,C:\Users\mrkys\workspace\sketch_tnc\outputs\main_results_e2e\main_ring_8__astnc_l2__s2\2026-04-10_22-45-43,3,2
main_ring_8,ring,"num_nodes=8, phys_dim=3, bond_dim=4, open_legs_per_node=1",easy,0,ASTNC-L3,astnc_l3,ok,reused:strength_sensitivity_raw_runs.csv,reused,,0.01265240987912524,6.377504561323895e-07,0.00016008347582780364,-37.95653494608932,0.04458319999980631,2.9699999913646025e-05,0.04461289999971996,0.9993342732502669,70.25504954894701,9,1.0,16,16,27,36,0.0012648250665846673,0,0.4444444444444444,C:\Users\mrkys\workspace\sketch_tnc\outputs\pilot_protocol\main_ring_8__astnc_l3__s0\2026-04-10_20-47-24,3,3
main_ring_8,ring,"num_nodes=8, phys_dim=3, bond_dim=4, open_legs_per_node=1",easy,1,ASTNC-L3,astnc_l3,ok,reused:strength_sensitivity_raw_runs.csv,reused,,0.013302342205506107,3.3945632595832525e-07,0.0001769523083236054,-37.521437676652596,0.048454500000161715,0.00016990000017358398,0.0486244000003353,0.9965058694571262,60.08756303375513,9,1.0,16,16,26,37,0.0016147693873446915,0,0.4444444444444444,C:\Users\mrkys\workspace\sketch_tnc\outputs\pilot_protocol\main_ring_8__astnc_l3__s1\2026-04-10_20-47-26,3,3
main_ring_8,ring,"num_nodes=8, phys_dim=3, bond_dim=4, open_legs_per_node=1",easy,2,ASTNC-L3,astnc_l3,ok,reused:strength_sensitivity_raw_runs.csv,reused,,0.020647529700280706,1.1753881391678674e-06,0.0004263204829088872,-33.70263800825537,0.05514150000090012,3.520000245771371e-05,0.05517670000335784,0.999362049498159,53.748109252859585,9,1.0,16,16,25,38,0.003066605336607722,0,0.4444444444444444,C:\Users\mrkys\workspace\sketch_tnc\outputs\strength_sensitivity\main_ring_8__astnc_l3__s2\2026-04-11_00-16-15,4,3
main_tree_8,tree,"num_nodes=8, phys_dim=3, bond_dim=4, open_legs_per_node=1",easy,0,exact,exact,ok,reused:main_results_raw_runs.csv,reused,,0.0,0.0,0.0,-inf,1.0176342999984627,4.380000063974876e-05,1.0176780999991024,0.9999569608487794,0.9824416974252393,9,,,,,,,,,C:\Users\mrkys\workspace\sketch_tnc\outputs\main_results_e2e\main_tree_8__exact__s0\2026-04-10_22-45-46,5,
main_tree_8,tree,"num_nodes=8, phys_dim=3, bond_dim=4, open_legs_per_node=1",easy,1,exact,exact,ok,reused:main_results_raw_runs.csv,reused,,0.0,0.0,0.0,-inf,0.9848673000014969,5.160000182513613e-05,0.984918900003322,0.9999476098967895,1.004365841694675,9,,,,,,,,,C:\Users\mrkys\workspace\sketch_tnc\outputs\main_results_e2e\main_tree_8__exact__s1\2026-04-10_22-45-49,5,
main_tree_8,tree,"num_nodes=8, phys_dim=3, bond_dim=4, open_legs_per_node=1",easy,2,exact,exact,ok,reused:main_results_raw_runs.csv,reused,,0.0,0.0,0.0,-inf,1.3178003000011813,5.739999869547319e-05,1.3178576999998768,0.9999564444630892,0.946523133718736,9,,,,,,,,,C:\Users\mrkys\workspace\sketch_tnc\outputs\main_results_e2e\main_tree_8__exact__s2\2026-04-10_22-45-52,5,
main_tree_8,tree,"num_nodes=8, phys_dim=3, bond_dim=4, open_legs_per_node=1",easy,0,fixed-rank baseline,fixed_rank,ok,reused:main_results_raw_runs.csv,reused,,0.6724252332041912,7.10083089362657e-05,0.45215569435543357,-3.447119953733333,0.021699099997931626,3.8399997720262036e-05,0.021737499995651888,0.9982334675686636,46.81670386211233,9,1.0,4,4,12,45,0.0,18,0.43902439024390244,C:\Users\mrkys\workspace\sketch_tnc\outputs\main_results_e2e\main_tree_8__fixed_rank__s0\2026-04-10_22-45-56,1,
main_tree_8,tree,"num_nodes=8, phys_dim=3, bond_dim=4, open_legs_per_node=1",easy,1,fixed-rank baseline,fixed_rank,ok,reused:main_results_raw_runs.csv,reused,,0.637790459836012,2.8835665686755797e-05,0.406776670879983,-3.9064396233390015,0.021924700002273312,3.870000000461005e-05,0.021963400002277922,0.9982379776811043,44.84364442213736,9,1.0,4,9,21,36,0.0,9,0.43902439024390244,C:\Users\mrkys\workspace\sketch_tnc\outputs\main_results_e2e\main_tree_8__fixed_rank__s1\2026-04-10_22-45-58,1,
main_tree_8,tree,"num_nodes=8, phys_dim=3, bond_dim=4, open_legs_per_node=1",easy,2,fixed-rank baseline,fixed_rank,ok,reused:main_results_raw_runs.csv,reused,,0.6470679179039315,6.192934145329563e-05,0.4186968904885475,-3.781002644459557,0.013818600002196035,3.360000118846074e-05,0.013852200003384496,0.9975743923580496,95.13706845684337,9,1.0,4,9,15,30,0.0,3,0.42424242424242425,C:\Users\mrkys\workspace\sketch_tnc\outputs\main_results_e2e\main_tree_8__fixed_rank__s2\2026-04-10_22-46-00,1,
main_tree_8,tree,"num_nodes=8, phys_dim=3, bond_dim=4, open_legs_per_node=1",easy,0,ASTNC-L1,astnc_l1,ok,runner,reused,,3.268335770021782e-15,3.4513725036651113e-19,1.0682018708101538e-29,-289.7134666575855,0.06535540000186302,2.9600014386232942e-05,0.06538500001624925,0.9995472965454091,15.564397029076893,9,1.0,16,16,21,36,1.024129043468337e-09,0,0.43902439024390244,C:\Users\mrkys\workspace\sketch_tnc\outputs\generalization\main_tree_8__astnc_l1__s0\2026-04-11_09-09-51,3,1
main_tree_8,tree,"num_nodes=8, phys_dim=3, bond_dim=4, open_legs_per_node=1",easy,1,ASTNC-L1,astnc_l1,ok,runner,reused,,4.130731782078273e-15,1.8675789026429173e-19,1.706294506479007e-29,-287.6794600745918,0.12426820000837324,4.179999086773023e-05,0.12430999999924097,0.999663743931561,7.923086638318203,9,1.0,16,12,21,36,1.0312729886241825e-09,0,0.43902439024390244,C:\Users\mrkys\workspace\sketch_tnc\outputs\generalization\main_tree_8__astnc_l1__s1\2026-04-11_09-10-01,4,1
main_tree_8,tree,"num_nodes=8, phys_dim=3, bond_dim=4, open_legs_per_node=1",easy,2,ASTNC-L1,astnc_l1,ok,runner,reused,,3.017880172823222e-15,2.888341803335211e-19,9.107600739869166e-30,-290.4059601629496,0.11135769999964396,3.9399994420818985e-05,0.11139709999406477,0.999646310402851,11.830269370298618,9,1.0,16,16,15,30,1.5399960104402787e-09,0,0.42424242424242425,C:\Users\mrkys\workspace\sketch_tnc\outputs\generalization\main_tree_8__astnc_l1__s2\2026-04-11_09-10-11,4,1
main_tree_8,tree,"num_nodes=8, phys_dim=3, bond_dim=4, open_legs_per_node=1",easy,0,ASTNC-L2,astnc_l2,ok,reused:main_results_raw_runs.csv,reused,,3.268335770021782e-15,3.4513725036651113e-19,1.0682018708101538e-29,-289.7134666575855,0.022255399999266956,2.6899999284069054e-05,0.022282299998551025,0.9987927637503934,45.67204014241259,9,1.0,16,16,21,36,1.024129043468337e-09,0,0.43902439024390244,C:\Users\mrkys\workspace\sketch_tnc\outputs\main_results_e2e\main_tree_8__astnc_l2__s0\2026-04-10_22-46-03,2,2
main_tree_8,tree,"num_nodes=8, phys_dim=3, bond_dim=4, open_legs_per_node=1",easy,1,ASTNC-L2,astnc_l2,ok,reused:main_results_raw_runs.csv,reused,,0.011881707967085823,5.371936087200849e-07,0.00014117498429221003,-38.50242251912719,0.026463499998499174,3.599999763537198e-05,0.026499499996134546,0.9986414838529307,37.16745222162649,9,1.0,16,12,19,38,0.000532948714726192,0,0.43902439024390244,C:\Users\mrkys\workspace\sketch_tnc\outputs\main_results_e2e\main_tree_8__astnc_l2__s1\2026-04-10_22-46-05,2,2
main_tree_8,tree,"num_nodes=8, phys_dim=3, bond_dim=4, open_legs_per_node=1",easy,2,ASTNC-L2,astnc_l2,ok,reused:main_results_raw_runs.csv,reused,,0.0025488888150221986,2.439481256671291e-07,6.49683419302137e-06,-51.87298216807781,0.018326500001421664,3.300000571471173e-05,0.018359500007136376,0.9982025650644034,71.78069661415739,9,1.0,16,16,14,31,0.0001330676796925349,0,0.42424242424242425,C:\Users\mrkys\workspace\sketch_tnc\outputs\main_results_e2e\main_tree_8__astnc_l2__s2\2026-04-10_22-46-07,2,2
main_tree_8,tree,"num_nodes=8, phys_dim=3, bond_dim=4, open_legs_per_node=1",easy,0,ASTNC-L3,astnc_l3,ok,runner,reused,,0.012065919083784423,1.2741647213604418e-06,0.00014558640337047408,-38.368791828313924,0.11223319999407977,3.15000070258975e-05,0.11226470000110567,0.9997194130655023,9.064987480384124,9,1.0,16,16,21,36,0.0017993020629501557,0,0.43902439024390244,C:\Users\mrkys\workspace\sketch_tnc\outputs\generalization\main_tree_8__astnc_l3__s0\2026-04-11_09-10-23,4,3
main_tree_8,tree,"num_nodes=8, phys_dim=3, bond_dim=4, open_legs_per_node=1",easy,1,ASTNC-L3,astnc_l3,ok,runner,reused,,0.07484377553504579,3.3838230986052684e-06,0.005601590739399495,-22.51688624558017,0.1173724999971455,3.860000288113952e-05,0.11741110000002664,0.9996712405907039,8.388635316448774,9,1.0,16,12,17,40,0.004790058972207887,0,0.43902439024390244,C:\Users\mrkys\workspace\sketch_tnc\outputs\generalization\main_tree_8__astnc_l3__s1\2026-04-11_09-10-33,3,3
main_tree_8,tree,"num_nodes=8, phys_dim=3, bond_dim=4, open_legs_per_node=1",easy,2,ASTNC-L3,astnc_l3,ok,runner,reused,,0.05891183249566136,5.638312284252107e-06,0.0034706040088922346,-24.59594935900402,0.06894660001125885,3.860000288113952e-05,0.06898520001413999,0.999440459636666,19.103484511601817,9,1.0,16,16,4,41,0.0066025596700731454,0,0.42424242424242425,C:\Users\mrkys\workspace\sketch_tnc\outputs\generalization\main_tree_8__astnc_l3__s2\2026-04-11_09-10-44,3,3
main_grid2d_3x3,grid2d,"grid_shape=[3,3], num_nodes=9, phys_dim=3, bond_dim=4, open_legs_per_node=1",easy,0,exact,exact,ok,reused:main_results_raw_runs.csv,reused,,0.0,0.0,0.0,-inf,39.384179499998936,0.00015300000450224616,39.38433250000344,0.9999961152063322,0.9672690580701856,9,,,,,,,,,C:\Users\mrkys\workspace\sketch_tnc\outputs\main_results_e2e\main_grid2d_3x3__exact__s0\2026-04-10_22-46-09,5,
main_grid2d_3x3,grid2d,"grid_shape=[3,3], num_nodes=9, phys_dim=3, bond_dim=4, open_legs_per_node=1",easy,1,exact,exact,ok,reused:main_results_raw_runs.csv,reused,,0.0,0.0,0.0,-inf,39.91781450000053,0.0001863999968918506,39.91800089999742,0.9999953304275342,0.936361915859493,9,,,,,,,,,C:\Users\mrkys\workspace\sketch_tnc\outputs\main_results_e2e\main_grid2d_3x3__exact__s1\2026-04-10_22-47-28,5,
main_grid2d_3x3,grid2d,"grid_shape=[3,3], num_nodes=9, phys_dim=3, bond_dim=4, open_legs_per_node=1",easy,2,exact,exact,ok,reused:main_results_raw_runs.csv,reused,,0.0,0.0,0.0,-inf,32.296099199998935,0.00012490000153775327,32.29622410000047,0.9999961326747624,1.0417752922392833,9,,,,,,,,,C:\Users\mrkys\workspace\sketch_tnc\outputs\main_results_e2e\main_grid2d_3x3__exact__s2\2026-04-10_22-48-47,5,
main_grid2d_3x3,grid2d,"grid_shape=[3,3], num_nodes=9, phys_dim=3, bond_dim=4, open_legs_per_node=1",easy,0,fixed-rank baseline,fixed_rank,ok,reused:ablation_core_raw_runs.csv,reused,,0.9801624658690081,2.095924322453513e-06,0.960718465903176,-0.1740386167391808,0.06577399999878253,0.00015970000276865903,0.06593370000155119,0.9975778698334465,597.3323580972532,9,1.0,4,4,12,54,0.0,45,0.4397163120567376,C:\Users\mrkys\workspace\sketch_tnc\outputs\main_results_e2e\main_grid2d_3x3__fixed_rank__s0\2026-04-10_22-49-54,1,
main_grid2d_3x3,grid2d,"grid_shape=[3,3], num_nodes=9, phys_dim=3, bond_dim=4, open_legs_per_node=1",easy,1,fixed-rank baseline,fixed_rank,ok,reused:ablation_core_raw_runs.csv,reused,,0.9796896242282239,1.4369557528868047e-06,0.9597917691488239,-0.17822978750934815,0.06354020000071614,0.00021219999689492397,0.06375239999761106,0.9966714978902825,626.1411476508058,9,1.0,4,4,12,54,0.0,45,0.4397163120567376,C:\Users\mrkys\workspace\sketch_tnc\outputs\main_results_e2e\main_grid2d_3x3__fixed_rank__s1\2026-04-10_22-50-28,1,
main_grid2d_3x3,grid2d,"grid_shape=[3,3], num_nodes=9, phys_dim=3, bond_dim=4, open_legs_per_node=1",easy,2,fixed-rank baseline,fixed_rank,ok,reused:ablation_core_raw_runs.csv,reused,,0.9768860698784515,1.8211641386008455e-06,0.9543064008199473,-0.20312163219542217,0.06735630000366655,0.00010350000047765207,0.0674598000041442,0.9984657529155176,478.7477000823668,9,1.0,4,4,12,54,0.0,45,0.4397163120567376,C:\Users\mrkys\workspace\sketch_tnc\outputs\main_results_e2e\main_grid2d_3x3__fixed_rank__s2\2026-04-10_22-51-02,1,
main_grid2d_3x3,grid2d,"grid_shape=[3,3], num_nodes=9, phys_dim=3, bond_dim=4, open_legs_per_node=1",easy,0,ASTNC-L1,astnc_l1,ok,reused:strength_sensitivity_raw_runs.csv,reused,,2.5922960896179675e-14,5.543220246058216e-20,6.7199990610484035e-28,-271.72630787627946,0.19793259999983093,0.00011710000012499222,0.19804969999995592,0.9994087342665784,198.86085411900248,9,1.0,16,64,30,36,2.780777418672972e-09,18,0.4397163120567376,C:\Users\mrkys\workspace\sketch_tnc\outputs\pilot_protocol\main_grid2d_3x3__astnc_l1__s0\2026-04-10_20-50-59,2,1
main_grid2d_3x3,grid2d,"grid_shape=[3,3], num_nodes=9, phys_dim=3, bond_dim=4, open_legs_per_node=1",easy,1,ASTNC-L1,astnc_l1,ok,reused:strength_sensitivity_raw_runs.csv,reused,,1.8723660307418475e-14,2.746285224265641e-20,3.5057545871490274e-28,-274.55218489034405,0.18916370000033567,6.68000004679925e-05,0.18923050000080366,0.9996469913599163,210.94908537380545,9,1.0,16,64,30,36,2.5139479744519136e-09,18,0.4397163120567376,C:\Users\mrkys\workspace\sketch_tnc\outputs\pilot_protocol\main_grid2d_3x3__astnc_l1__s1\2026-04-10_20-51-23,2,1
main_grid2d_3x3,grid2d,"grid_shape=[3,3], num_nodes=9, phys_dim=3, bond_dim=4, open_legs_per_node=1",easy,2,ASTNC-L1,astnc_l1,ok,reused:strength_sensitivity_raw_runs.csv,reused,,3.293875730640507e-13,6.14062227174202e-19,1.0849617411867281e-25,-249.6458557599466,0.1846157999989373,9.73999995039776e-05,0.18471319999844127,0.9994726960471462,174.84524170591496,9,1.0,16,64,30,36,4.202551126454723e-09,18,0.4397163120567376,C:\Users\mrkys\workspace\sketch_tnc\outputs\strength_sensitivity\main_grid2d_3x3__astnc_l1__s2\2026-04-11_00-16-17,2,1
main_grid2d_3x3,grid2d,"grid_shape=[3,3], num_nodes=9, phys_dim=3, bond_dim=4, open_legs_per_node=1",easy,0,ASTNC-L2,astnc_l2,ok,reused:strength_sensitivity_raw_runs.csv,reused,,0.004461158998039453,9.539491641350845e-09,1.9901939738467393e-05,-47.011045931049495,0.4707789000003686,0.00018839999938791152,0.4709672999997565,0.9995999722265483,83.6243461064575,9,1.0,16,64,30,36,0.00047029083613557234,13,0.4397163120567376,C:\Users\mrkys\workspace\sketch_tnc\outputs\main_results_e2e\main_grid2d_3x3__astnc_l2__s0\2026-04-10_22-51-36,4,2
main_grid2d_3x3,grid2d,"grid_shape=[3,3], num_nodes=9, phys_dim=3, bond_dim=4, open_legs_per_node=1",easy,1,ASTNC-L2,astnc_l2,ok,reused:strength_sensitivity_raw_runs.csv,reused,,0.0036330415769231495,5.328748886719373e-09,1.3198991227935569e-05,-48.79459259770086,0.4472024999977293,0.00010399999700894114,0.44730649999473826,0.9997674972350952,89.24082458105792,9,1.0,16,64,30,36,0.0003575459070732554,14,0.4397163120567376,C:\Users\mrkys\workspace\sketch_tnc\outputs\main_results_e2e\main_grid2d_3x3__astnc_l2__s1\2026-04-10_22-52-10,4,2
main_grid2d_3x3,grid2d,"grid_shape=[3,3], num_nodes=9, phys_dim=3, bond_dim=4, open_legs_per_node=1",easy,2,ASTNC-L2,astnc_l2,ok,reused:strength_sensitivity_raw_runs.csv,reused,,0.004138565325776211,7.715338552732508e-09,1.712772308668925e-05,-47.66300367134391,0.40936689999762166,0.00014969999938330147,0.40951659999700496,0.9996344470520022,78.8642611807108,9,1.0,16,64,30,36,0.0003810082344989052,14,0.4397163120567376,C:\Users\mrkys\workspace\sketch_tnc\outputs\main_results_e2e\main_grid2d_3x3__astnc_l2__s2\2026-04-10_22-52-45,4,2
main_grid2d_3x3,grid2d,"grid_shape=[3,3], num_nodes=9, phys_dim=3, bond_dim=4, open_legs_per_node=1",easy,0,ASTNC-L3,astnc_l3,ok,reused:strength_sensitivity_raw_runs.csv,reused,,0.017415217401660483,3.723972198894013e-08,0.00030328979916902126,-35.18142196478344,0.4534545000003618,0.00017460000049140945,0.4536291000008532,0.9996151040541917,86.82056001241843,9,1.0,16,64,30,36,0.002463308096788617,9,0.4397163120567376,C:\Users\mrkys\workspace\sketch_tnc\outputs\pilot_protocol\main_grid2d_3x3__astnc_l3__s0\2026-04-10_20-52-45,3,3
main_grid2d_3x3,grid2d,"grid_shape=[3,3], num_nodes=9, phys_dim=3, bond_dim=4, open_legs_per_node=1",easy,1,ASTNC-L3,astnc_l3,ok,reused:strength_sensitivity_raw_runs.csv,reused,,0.01870341721072717,2.7433160763306787e-08,0.00034981781875846634,-34.56158072526348,0.33931379999989986,9.420000014870311e-05,0.33940800000004856,0.9997224579233596,117.610665924173,9,1.0,16,64,30,36,0.0029884904545066852,6,0.4397163120567376,C:\Users\mrkys\workspace\sketch_tnc\outputs\pilot_protocol\main_grid2d_3x3__astnc_l3__s1\2026-04-10_20-53-19,3,3
main_grid2d_3x3,grid2d,"grid_shape=[3,3], num_nodes=9, phys_dim=3, bond_dim=4, open_legs_per_node=1",easy,2,ASTNC-L3,astnc_l3,ok,reused:strength_sensitivity_raw_runs.csv,reused,,0.01803343620270246,3.361891250245206e-08,0.0003252048237637127,-34.87843021139392,0.2062720999983867,0.00010660000225470867,0.2063787000006414,0.9994834738117166,156.49010338712327,9,1.0,16,64,30,36,0.0024868673887488476,9,0.4397163120567376,C:\Users\mrkys\workspace\sketch_tnc\outputs\strength_sensitivity\main_grid2d_3x3__astnc_l3__s2\2026-04-11_00-16-40,3,3
main_random_8,random_connected,"num_nodes=8, phys_dim=3, bond_dim=4, edge_prob=0.35, open_legs_per_node=1",easy,0,exact,exact,ok,reused:main_results_raw_runs.csv,reused,,0.0,0.0,0.0,-inf,0.6925601999992068,3.3599999369471334e-05,0.6925937999985763,0.9999514867150565,1.0050375848081319,9,,,,,,,,,C:\Users\mrkys\workspace\sketch_tnc\outputs\main_results_e2e\main_random_8__exact__s0\2026-04-10_22-53-18,5,
main_random_8,random_connected,"num_nodes=8, phys_dim=3, bond_dim=4, edge_prob=0.35, open_legs_per_node=1",easy,1,exact,exact,ok,reused:main_results_raw_runs.csv,reused,,0.0,0.0,0.0,-inf,0.2754540999994788,4.0200002331403084e-05,0.2754943000018102,0.9998540804534578,1.0187775209973686,9,,,,,,,,,C:\Users\mrkys\workspace\sketch_tnc\outputs\main_results_e2e\main_random_8__exact__s1\2026-04-10_22-53-21,5,
main_random_8,random_connected,"num_nodes=8, phys_dim=3, bond_dim=4, edge_prob=0.35, open_legs_per_node=1",easy,2,exact,exact,ok,reused:main_results_raw_runs.csv,reused,,0.0,0.0,0.0,-inf,1.2296146000007866,4.090000038559083e-05,1.2296555000011722,0.9999667386504711,0.9783479193982955,9,,,,,,,,,C:\Users\mrkys\workspace\sketch_tnc\outputs\main_results_e2e\main_random_8__exact__s2\2026-04-10_22-53-22,5,
main_random_8,random_connected,"num_nodes=8, phys_dim=3, bond_dim=4, edge_prob=0.35, open_legs_per_node=1",easy,0,fixed-rank baseline,fixed_rank,ok,reused:ablation_core_raw_runs.csv,reused,,0.935519502694432,1.5305600428228543e-05,0.8751967412424866,-0.5789430808450272,0.014656599998488673,3.879999894706998e-05,0.014695399997435743,0.9973597180103161,47.12997265262801,9,1.0,4,9,15,18,0.0,9,0.4,C:\Users\mrkys\workspace\sketch_tnc\outputs\main_results_e2e\main_random_8__fixed_rank__s0\2026-04-10_22-53-26,1,
main_random_8,random_connected,"num_nodes=8, phys_dim=3, bond_dim=4, edge_prob=0.35, open_legs_per_node=1",easy,1,fixed-rank baseline,fixed_rank,ok,reused:ablation_core_raw_runs.csv,reused,,0.861307386204862,1.1694672285128219e-05,0.7418504148801116,-1.296836560973906,0.020435999998881016,3.270000161137432e-05,0.02046870000049239,0.9984024387181898,13.459296388885614,9,1.0,4,9,27,36,0.0,18,0.4444444444444444,C:\Users\mrkys\workspace\sketch_tnc\outputs\main_results_e2e\main_random_8__fixed_rank__s1\2026-04-10_22-53-28,1,
main_random_8,random_connected,"num_nodes=8, phys_dim=3, bond_dim=4, edge_prob=0.35, open_legs_per_node=1",easy,2,fixed-rank baseline,fixed_rank,ok,reused:ablation_core_raw_runs.csv,reused,,0.9881300222398411,1.7492439285785038e-06,0.976400954470448,-0.10371804714654329,0.06597829999918758,3.459999970800709e-05,0.06601289999889559,0.9994758600105726,18.627503109570167,9,1.0,4,4,12,21,0.0,12,0.4,C:\Users\mrkys\workspace\sketch_tnc\outputs\main_results_e2e\main_random_8__fixed_rank__s2\2026-04-10_22-53-29,1,
main_random_8,random_connected,"num_nodes=8, phys_dim=3, bond_dim=4, edge_prob=0.35, open_legs_per_node=1",easy,0,ASTNC-L1,astnc_l1,ok,reused:strength_sensitivity_raw_runs.csv,reused,,8.17097495355686e-15,1.3368152923376666e-19,6.676483179241519e-29,-281.75452240823677,0.03796480000073643,3.329999981360743e-05,0.03799810000055004,0.99912364037117,18.227063984476874,9,1.0,16,81,12,21,1.9234781283800596e-09,3,0.4,C:\Users\mrkys\workspace\sketch_tnc\outputs\pilot_protocol\main_random_8__astnc_l1__s0\2026-04-10_20-53-57,3,2
main_random_8,random_connected,"num_nodes=8, phys_dim=3, bond_dim=4, edge_prob=0.35, open_legs_per_node=1",easy,1,ASTNC-L1,astnc_l1,ok,reused:strength_sensitivity_raw_runs.csv,reused,,3.535549354709715e-15,4.8005034803442705e-20,1.250010926231982e-29,-289.0308619084673,0.032599499999832915,3.069999979743443e-05,0.03263019999963035,0.9990591537656269,8.442924039844412,9,1.0,16,27,36,27,1.7783001094921215e-09,0,0.4444444444444444,C:\Users\mrkys\workspace\sketch_tnc\outputs\pilot_protocol\main_random_8__astnc_l1__s1\2026-04-10_20-53-59,4,1
main_random_8,random_connected,"num_nodes=8, phys_dim=3, bond_dim=4, edge_prob=0.35, open_legs_per_node=1",easy,2,ASTNC-L1,astnc_l1,ok,reused:strength_sensitivity_raw_runs.csv,reused,,1.4322990438261556e-14,2.5355371762134076e-20,2.0514805795591565e-28,-276.8793258994748,0.09349800000563846,3.559999822755344e-05,0.09353360000386601,0.9996193881212131,13.146671356072545,9,1.0,16,81,12,21,1.827693485756908e-09,3,0.4,C:\Users\mrkys\workspace\sketch_tnc\outputs\strength_sensitivity\main_random_8__astnc_l1__s2\2026-04-11_00-17-03,3,1
main_random_8,random_connected,"num_nodes=8, phys_dim=3, bond_dim=4, edge_prob=0.35, open_legs_per_node=1",easy,0,ASTNC-L2,astnc_l2,ok,reused:strength_sensitivity_raw_runs.csv,reused,,4.94505031907079e-15,8.090367337419703e-20,2.4453522695047434e-29,-286.1165856898126,0.039196900002934854,3.409999953873921e-05,0.03923100000247359,0.9991307894130733,17.654247915039303,9,1.0,16,81,12,21,1.701207195360825e-09,3,0.4,C:\Users\mrkys\workspace\sketch_tnc\outputs\main_results_e2e\main_random_8__astnc_l2__s0\2026-04-10_22-53-31,4,1
main_random_8,random_connected,"num_nodes=8, phys_dim=3, bond_dim=4, edge_prob=0.35, open_legs_per_node=1",easy,1,ASTNC-L2,astnc_l2,ok,reused:strength_sensitivity_raw_runs.csv,reused,,3.535549354709715e-15,4.8005034803442705e-20,1.250010926231982e-29,-289.0308619084673,0.030996999996204977,2.890000178012997e-05,0.031025899997985107,0.9990685200822192,8.879494229650112,9,1.0,16,27,36,27,1.7783001094921215e-09,0,0.4444444444444444,C:\Users\mrkys\workspace\sketch_tnc\outputs\main_results_e2e\main_random_8__astnc_l2__s1\2026-04-10_22-53-33,2,2
main_random_8,random_connected,"num_nodes=8, phys_dim=3, bond_dim=4, edge_prob=0.35, open_legs_per_node=1",easy,2,ASTNC-L2,astnc_l2,ok,reused:strength_sensitivity_raw_runs.csv,reused,,5.636442226415966e-14,9.977950392593688e-20,3.176948141484239e-27,-264.9798987426667,0.08687340000142285,3.1800000215298496e-05,0.08690520000163815,0.9996340840224252,14.149389219264133,9,1.0,16,81,12,21,2.455053303444738e-09,3,0.4,C:\Users\mrkys\workspace\sketch_tnc\outputs\main_results_e2e\main_random_8__astnc_l2__s2\2026-04-10_22-53-34,2,3
main_random_8,random_connected,"num_nodes=8, phys_dim=3, bond_dim=4, edge_prob=0.35, open_legs_per_node=1",easy,0,ASTNC-L3,astnc_l3,ok,reused:strength_sensitivity_raw_runs.csv,reused,,0.033680505959750716,5.510311275775638e-07,0.0011343764834168073,-29.452427853593306,0.036781200000177705,3.489999994599202e-05,0.0368161000001237,0.9990520451393569,18.812253334716313,9,1.0,16,79,7,26,0.004028613542359677,3,0.4,C:\Users\mrkys\workspace\sketch_tnc\outputs\pilot_protocol\main_random_8__astnc_l3__s0\2026-04-10_20-54-04,2,3
main_random_8,random_connected,"num_nodes=8, phys_dim=3, bond_dim=4, edge_prob=0.35, open_legs_per_node=1",easy,1,ASTNC-L3,astnc_l3,ok,reused:strength_sensitivity_raw_runs.csv,reused,,0.004267022271282118,5.793683868875913e-08,1.8207479096728033e-05,-47.39750179969374,0.032437299999855895,3.210000022590975e-05,0.032469400000081805,0.9990113768278798,8.484736397996762,9,1.0,16,27,35,28,0.0002209725567273544,0,0.4444444444444444,C:\Users\mrkys\workspace\sketch_tnc\outputs\pilot_protocol\main_random_8__astnc_l3__s1\2026-04-10_20-54-05,3,3
main_random_8,random_connected,"num_nodes=8, phys_dim=3, bond_dim=4, edge_prob=0.35, open_legs_per_node=1",easy,2,ASTNC-L3,astnc_l3,ok,reused:strength_sensitivity_raw_runs.csv,reused,,2.979314837148861e-14,5.2741524626417436e-20,8.87631702266129e-28,-270.51767195091026,0.09431430000040564,3.710000055434648e-05,0.09435140000095998,0.9996067890719843,13.032721294953344,9,1.0,16,81,12,21,1.9628290138755003e-09,3,0.4,C:\Users\mrkys\workspace\sketch_tnc\outputs\strength_sensitivity\main_random_8__astnc_l3__s2\2026-04-11_00-17-05,4,2
medium_chain_10,chain,"num_nodes=10, phys_dim=3, bond_dim=4, open_legs_per_node=1",medium,0,exact,exact,timeout,runner,timeout,timeout>180s,,,,,,,,,,,,,,,,,,,,,
medium_chain_10,chain,"num_nodes=10, phys_dim=3, bond_dim=4, open_legs_per_node=1",medium,1,exact,exact,timeout,runner,timeout,timeout>180s,,,,,,,,,,,,,,,,,,,,,
medium_chain_10,chain,"num_nodes=10, phys_dim=3, bond_dim=4, open_legs_per_node=1",medium,0,ASTNC-L1,astnc_l1,timeout,runner,timeout,timeout>300s,,,,,,,,,,,,,,,,,,,,,
medium_chain_10,chain,"num_nodes=10, phys_dim=3, bond_dim=4, open_legs_per_node=1",medium,1,ASTNC-L1,astnc_l1,ok,runner,reused,,3.357706370419771e-15,9.398551997946003e-21,1.1274192103108081e-29,-289.4791456942633,0.04136160000052769,0.0001807999942684546,0.04154239999479614,0.995647820171999,22852.072321196174,9,1.0,16,4,18,63,0.0,0,0.4444444444444444,C:\Users\mrkys\workspace\sketch_tnc\outputs\generalization\medium_chain_10__astnc_l1__s1\2026-04-11_12-49-08,1,1
medium_chain_10,chain,"num_nodes=10, phys_dim=3, bond_dim=4, open_legs_per_node=1",medium,0,ASTNC-L2,astnc_l2,timeout,runner,timeout,timeout>300s,,,,,,,,,,,,,,,,,,,,,
medium_chain_10,chain,"num_nodes=10, phys_dim=3, bond_dim=4, open_legs_per_node=1",medium,1,ASTNC-L2,astnc_l2,timeout,runner,timeout,timeout>300s,,,,,,,,,,,,,,,,,,,,,
medium_chain_10,chain,"num_nodes=10, phys_dim=3, bond_dim=4, open_legs_per_node=1",medium,0,ASTNC-L3,astnc_l3,timeout,runner,timeout,timeout>300s,,,,,,,,,,,,,,,,,,,,,
medium_chain_10,chain,"num_nodes=10, phys_dim=3, bond_dim=4, open_legs_per_node=1",medium,1,ASTNC-L3,astnc_l3,timeout,runner,timeout,timeout>300s,,,,,,,,,,,,,,,,,,,,,
medium_ring_10,ring,"num_nodes=10, phys_dim=3, bond_dim=4, open_legs_per_node=1",medium,0,exact,exact,timeout,reused:pilot_raw_runs.csv,reused,,,,,,,,,,,,,,,,,,,,,,
medium_ring_10,ring,"num_nodes=10, phys_dim=3, bond_dim=4, open_legs_per_node=1",medium,1,exact,exact,timeout,runner,timeout,timeout>180s,,,,,,,,,,,,,,,,,,,,,
medium_ring_10,ring,"num_nodes=10, phys_dim=3, bond_dim=4, open_legs_per_node=1",medium,0,ASTNC-L1,astnc_l1,timeout,runner,timeout,timeout>300s,,,,,,,,,,,,,,,,,,,,,
medium_ring_10,ring,"num_nodes=10, phys_dim=3, bond_dim=4, open_legs_per_node=1",medium,1,ASTNC-L1,astnc_l1,timeout,runner,timeout,timeout>300s,,,,,,,,,,,,,,,,,,,,,
medium_ring_10,ring,"num_nodes=10, phys_dim=3, bond_dim=4, open_legs_per_node=1",medium,0,ASTNC-L2,astnc_l2,timeout,reused:pilot_raw_runs.csv,reused,,,,,,,,,,,,,,,,,,,,,,
medium_ring_10,ring,"num_nodes=10, phys_dim=3, bond_dim=4, open_legs_per_node=1",medium,1,ASTNC-L2,astnc_l2,timeout,runner,timeout,timeout>300s,,,,,,,,,,,,,,,,,,,,,
medium_ring_10,ring,"num_nodes=10, phys_dim=3, bond_dim=4, open_legs_per_node=1",medium,0,ASTNC-L3,astnc_l3,timeout,reused:pilot_raw_runs.csv,reused,,,,,,,,,,,,,,,,,,,,,,
medium_ring_10,ring,"num_nodes=10, phys_dim=3, bond_dim=4, open_legs_per_node=1",medium,1,ASTNC-L3,astnc_l3,timeout,runner,timeout,timeout>300s,,,,,,,,,,,,,,,,,,,,,
medium_tree_10,tree,"num_nodes=10, phys_dim=3, bond_dim=4, open_legs_per_node=1",medium,0,exact,exact,timeout,runner,timeout,timeout>180s,,,,,,,,,,,,,,,,,,,,,
medium_tree_10,tree,"num_nodes=10, phys_dim=3, bond_dim=4, open_legs_per_node=1",medium,1,exact,exact,timeout,runner,timeout,timeout>180s,,,,,,,,,,,,,,,,,,,,,
medium_tree_10,tree,"num_nodes=10, phys_dim=3, bond_dim=4, open_legs_per_node=1",medium,0,ASTNC-L1,astnc_l1,timeout,runner,timeout,timeout>300s,,,,,,,,,,,,,,,,,,,,,
medium_tree_10,tree,"num_nodes=10, phys_dim=3, bond_dim=4, open_legs_per_node=1",medium,1,ASTNC-L1,astnc_l1,timeout,runner,timeout,timeout>300s,,,,,,,,,,,,,,,,,,,,,
medium_tree_10,tree,"num_nodes=10, phys_dim=3, bond_dim=4, open_legs_per_node=1",medium,0,ASTNC-L2,astnc_l2,timeout,runner,timeout,timeout>300s,,,,,,,,,,,,,,,,,,,,,
medium_tree_10,tree,"num_nodes=10, phys_dim=3, bond_dim=4, open_legs_per_node=1",medium,1,ASTNC-L2,astnc_l2,timeout,runner,timeout,timeout>300s,,,,,,,,,,,,,,,,,,,,,
medium_tree_10,tree,"num_nodes=10, phys_dim=3, bond_dim=4, open_legs_per_node=1",medium,0,ASTNC-L3,astnc_l3,timeout,runner,timeout,timeout>300s,,,,,,,,,,,,,,,,,,,,,
medium_tree_10,tree,"num_nodes=10, phys_dim=3, bond_dim=4, open_legs_per_node=1",medium,1,ASTNC-L3,astnc_l3,timeout,runner,timeout,timeout>300s,,,,,,,,,,,,,,,,,,,,,
medium_grid2d_3x4,grid2d,"grid_shape=[3,4], num_nodes=12, phys_dim=3, bond_dim=4, open_legs_per_node=1",medium,0,exact,exact,timeout,runner,timeout,timeout>180s,,,,,,,,,,,,,,,,,,,,,
medium_grid2d_3x4,grid2d,"grid_shape=[3,4], num_nodes=12, phys_dim=3, bond_dim=4, open_legs_per_node=1",medium,1,exact,exact,timeout,runner,timeout,timeout>180s,,,,,,,,,,,,,,,,,,,,,
medium_grid2d_3x4,grid2d,"grid_shape=[3,4], num_nodes=12, phys_dim=3, bond_dim=4, open_legs_per_node=1",medium,0,ASTNC-L1,astnc_l1,timeout,runner,timeout,timeout>300s,,,,,,,,,,,,,,,,,,,,,
medium_grid2d_3x4,grid2d,"grid_shape=[3,4], num_nodes=12, phys_dim=3, bond_dim=4, open_legs_per_node=1",medium,1,ASTNC-L1,astnc_l1,timeout,runner,timeout,timeout>300s,,,,,,,,,,,,,,,,,,,,,
medium_grid2d_3x4,grid2d,"grid_shape=[3,4], num_nodes=12, phys_dim=3, bond_dim=4, open_legs_per_node=1",medium,0,ASTNC-L2,astnc_l2,timeout,reused:pilot_raw_runs.csv,reused,,,,,,,,,,,,,,,,,,,,,,
medium_grid2d_3x4,grid2d,"grid_shape=[3,4], num_nodes=12, phys_dim=3, bond_dim=4, open_legs_per_node=1",medium,1,ASTNC-L2,astnc_l2,timeout,runner,timeout,timeout>300s,,,,,,,,,,,,,,,,,,,,,
medium_grid2d_3x4,grid2d,"grid_shape=[3,4], num_nodes=12, phys_dim=3, bond_dim=4, open_legs_per_node=1",medium,0,ASTNC-L3,astnc_l3,timeout,runner,timeout,timeout>300s,,,,,,,,,,,,,,,,,,,,,
medium_grid2d_3x4,grid2d,"grid_shape=[3,4], num_nodes=12, phys_dim=3, bond_dim=4, open_legs_per_node=1",medium,1,ASTNC-L3,astnc_l3,timeout,runner,timeout,timeout>300s,,,,,,,,,,,,,,,,,,,,,
medium_random_10,random_connected,"num_nodes=10, phys_dim=3, bond_dim=4, edge_prob=0.35, open_legs_per_node=1",medium,0,exact,exact,timeout,reused:pilot_raw_runs.csv,reused,,,,,,,,,,,,,,,,,,,,,,
medium_random_10,random_connected,"num_nodes=10, phys_dim=3, bond_dim=4, edge_prob=0.35, open_legs_per_node=1",medium,1,exact,exact,timeout,runner,timeout,timeout>180s,,,,,,,,,,,,,,,,,,,,,
medium_random_10,random_connected,"num_nodes=10, phys_dim=3, bond_dim=4, edge_prob=0.35, open_legs_per_node=1",medium,0,ASTNC-L1,astnc_l1,ok,runner,ok,,0.003336561848947289,4.118200143877909e-10,inf,inf,4.7846384000149556,0.0003776999801630154,4.785016099995119,0.999921066100245,59.89367797533694,9,1.0,16,256,12,27,0.00028606083805753817,9,0.39080459770114945,C:\Users\mrkys\workspace\sketch_tnc\outputs\generalization\medium_random_10__astnc_l1__s0\2026-04-11_15-15-17,2,1
medium_random_10,random_connected,"num_nodes=10, phys_dim=3, bond_dim=4, edge_prob=0.35, open_legs_per_node=1",medium,1,ASTNC-L1,astnc_l1,timeout,runner,timeout,timeout>300s,,,,,,,,,,,,,,,,,,,,,
medium_random_10,random_connected,"num_nodes=10, phys_dim=3, bond_dim=4, edge_prob=0.35, open_legs_per_node=1",medium,0,ASTNC-L2,astnc_l2,timeout,reused:pilot_raw_runs.csv,reused,,,,,,,,,,,,,,,,,,,,,,
medium_random_10,random_connected,"num_nodes=10, phys_dim=3, bond_dim=4, edge_prob=0.35, open_legs_per_node=1",medium,1,ASTNC-L2,astnc_l2,timeout,runner,timeout,timeout>300s,,,,,,,,,,,,,,,,,,,,,
medium_random_10,random_connected,"num_nodes=10, phys_dim=3, bond_dim=4, edge_prob=0.35, open_legs_per_node=1",medium,0,ASTNC-L3,astnc_l3,ok,runner,ok,,0.04608450962694784,5.688047839907964e-09,inf,inf,4.409448899998097,0.0003756999794859439,4.409824599977583,0.999914803872134,66.1325754773547,9,1.0,16,254,9,30,0.006587920300365034,9,0.39080459770114945,C:\Users\mrkys\workspace\sketch_tnc\outputs\generalization\medium_random_10__astnc_l3__s0\2026-04-11_15-30-10,1,2
medium_random_10,random_connected,"num_nodes=10, phys_dim=3, bond_dim=4, edge_prob=0.35, open_legs_per_node=1",medium,1,ASTNC-L3,astnc_l3,timeout,runner,timeout,timeout>300s,,,,,,,,,,,,,,,,,,,,,
boundary_ring_12,ring,"num_nodes=12, phys_dim=3, bond_dim=4, open_legs_per_node=1",boundary,0,exact,exact,timeout,runner,timeout,timeout>120s,,,,,,,,,,,,,,,,,,,,,
boundary_ring_12,ring,"num_nodes=12, phys_dim=3, bond_dim=4, open_legs_per_node=1",boundary,0,ASTNC-L1,astnc_l1,timeout,runner,timeout,timeout>180s,,,,,,,,,,,,,,,,,,,,,
boundary_ring_12,ring,"num_nodes=12, phys_dim=3, bond_dim=4, open_legs_per_node=1",boundary,0,ASTNC-L2,astnc_l2,timeout,runner,timeout,timeout>180s,,,,,,,,,,,,,,,,,,,,,
boundary_ring_12,ring,"num_nodes=12, phys_dim=3, bond_dim=4, open_legs_per_node=1",boundary,0,ASTNC-L3,astnc_l3,timeout,runner,timeout,timeout>180s,,,,,,,,,,,,,,,,,,,,,
boundary_grid2d_4x4,grid2d,"grid_shape=[4,4], num_nodes=16, phys_dim=3, bond_dim=4, open_legs_per_node=1",boundary,0,exact,exact,timeout,runner,timeout,timeout>120s,,,,,,,,,,,,,,,,,,,,,
boundary_grid2d_4x4,grid2d,"grid_shape=[4,4], num_nodes=16, phys_dim=3, bond_dim=4, open_legs_per_node=1",boundary,0,ASTNC-L1,astnc_l1,timeout,runner,timeout,timeout>180s,,,,,,,,,,,,,,,,,,,,,
boundary_grid2d_4x4,grid2d,"grid_shape=[4,4], num_nodes=16, phys_dim=3, bond_dim=4, open_legs_per_node=1",boundary,0,ASTNC-L2,astnc_l2,timeout,runner,timeout,timeout>180s,,,,,,,,,,,,,,,,,,,,,
boundary_grid2d_4x4,grid2d,"grid_shape=[4,4], num_nodes=16, phys_dim=3, bond_dim=4, open_legs_per_node=1",boundary,0,ASTNC-L3,astnc_l3,timeout,runner,timeout,timeout>180s,,,,,,,,,,,,,,,,,,,,,
boundary_random_12,random_connected,"num_nodes=12, phys_dim=3, bond_dim=4, edge_prob=0.35, open_legs_per_node=1",boundary,0,exact,exact,timeout,runner,timeout,timeout>120s,,,,,,,,,,,,,,,,,,,,,
boundary_random_12,random_connected,"num_nodes=12, phys_dim=3, bond_dim=4, edge_prob=0.35, open_legs_per_node=1",boundary,0,ASTNC-L1,astnc_l1,timeout,runner,timeout,timeout>180s,,,,,,,,,,,,,,,,,,,,,
boundary_random_12,random_connected,"num_nodes=12, phys_dim=3, bond_dim=4, edge_prob=0.35, open_legs_per_node=1",boundary,0,ASTNC-L2,astnc_l2,timeout,runner,timeout,timeout>180s,,,,,,,,,,,,,,,,,,,,,
boundary_random_12,random_connected,"num_nodes=12, phys_dim=3, bond_dim=4, edge_prob=0.35, open_legs_per_node=1",boundary,0,ASTNC-L3,astnc_l3,timeout,runner,timeout,timeout>180s,,,,,,,,,,,,,,,,,,,,,
