case_id,tier,topology,size_description,seed,method,method_key,planned_method_group,status,status_source,driver_status,driver_error,rel_error,RMSE,NMSE,NMSE_dB,contract_time_sec,emit_time_sec,total_time_sec,speedup_vs_exact,t_contract_ratio,num_blocks,refined_blocks,mean_rank,max_rank,peak_rank,num_exact_merges,num_compressed_merges,num_exact_leaves,num_compressed_leaves,mean_leaf_residual_ratio,mean_merge_residual_ratio,cache_enabled,cache_requests,cache_hits,cache_misses,cache_hit_rate,num_cached_states,leaf_states_built,internal_states_built,num_implicit_merge_sketches,num_explicit_merge_compressions,skipped_small_rank_merges,skipped_small_state_merges,skipped_low_saving_merges,rank_policy,leaf_tol,merge_tol,target_rank,run_dir
toy_chain_6,toy,chain,"num_nodes=6, phys_dim=2, bond_dim=3, open_legs_per_node=1",0,exact,exact,"[""exact"", ""fixed_rank"", ""astnc_l2""]",ok,runner,reused,,0.0,0.0,0.0,-inf,0.006376599999839527,8.89999955688836e-06,0.006385499999396416,0.8431446244829007,0.9986062171237434,4,,,,,,,,,,,,,,,,,,,,,,,,,,,,C:\Users\mrkys\workspace\sketch_tnc\outputs\pilot_protocol\toy_chain_6__exact__s0\2026-04-10_20-46-19
toy_chain_6,toy,chain,"num_nodes=6, phys_dim=2, bond_dim=3, open_legs_per_node=1",1,exact,exact,"[""exact"", ""fixed_rank"", ""astnc_l2""]",ok,runner,reused,,0.0,0.0,0.0,-inf,0.0067518999996991624,8.300000217786874e-06,0.006760199999916949,0.8670453535975675,0.9987722254938225,4,,,,,,,,,,,,,,,,,,,,,,,,,,,,C:\Users\mrkys\workspace\sketch_tnc\outputs\pilot_protocol\toy_chain_6__exact__s1\2026-04-10_20-46-20
toy_chain_6,toy,chain,"num_nodes=6, phys_dim=2, bond_dim=3, open_legs_per_node=1",0,fixed-rank baseline,fixed_rank,"[""exact"", ""fixed_rank"", ""astnc_l2""]",ok,runner,reused,,1.2665828527483382e-15,1.9280837593129614e-18,1.6042321231395787e-30,-297.94732791597374,0.0044031999998424,7.200000027296483e-06,0.004410399999869696,1.1900054415580197,0.9983674947791862,4,0,1.0,4,8,16,4,8,0,0.0,0.0,True,44,16,28,0.36363636363636365,28,8,20,0,4,0,4,0,fixed,0.0,0.0,4,C:\Users\mrkys\workspace\sketch_tnc\outputs\pilot_protocol\toy_chain_6__fixed_rank__s0\2026-04-10_20-46-21
toy_chain_6,toy,chain,"num_nodes=6, phys_dim=2, bond_dim=3, open_legs_per_node=1",1,fixed-rank baseline,fixed_rank,"[""exact"", ""fixed_rank"", ""astnc_l2""]",ok,runner,reused,,6.309776825348086e-16,5.708298745832825e-19,3.981328359670186e-31,-303.999720025435,0.004877100000157952,8.000000207175617e-06,0.004885100000365128,1.1624327032042994,0.9983623669515588,4,0,1.0,4,8,16,4,8,0,0.0,0.0,True,44,16,28,0.36363636363636365,28,8,20,0,4,0,4,0,fixed,0.0,0.0,4,C:\Users\mrkys\workspace\sketch_tnc\outputs\pilot_protocol\toy_chain_6__fixed_rank__s1\2026-04-10_20-46-22
toy_chain_6,toy,chain,"num_nodes=6, phys_dim=2, bond_dim=3, open_legs_per_node=1",0,ASTNC-L2,astnc_l2,"[""exact"", ""fixed_rank"", ""astnc_l2""]",ok,runner,reused,,3.1509531813508212e-15,4.7966081667182885e-18,9.928505952695403e-30,-290.0311609947217,0.0057266000001163775,6.999999868639861e-06,0.005733599999985017,0.8806508997863286,0.9987791264009631,4,0,1.0,16,3,8,12,8,0,0.0,0.0,True,44,16,28,0.36363636363636365,28,8,20,0,12,0,0,0,adaptive,0.001,0.005,2,C:\Users\mrkys\workspace\sketch_tnc\outputs\pilot_protocol\toy_chain_6__astnc_l2__s0\2026-04-10_20-46-23
toy_chain_6,toy,chain,"num_nodes=6, phys_dim=2, bond_dim=3, open_legs_per_node=1",1,ASTNC-L2,astnc_l2,"[""exact"", ""fixed_rank"", ""astnc_l2""]",ok,runner,reused,,1.2475893589724305e-15,1.1286631794213787e-18,1.5564792090513607e-30,-298.0785667610872,0.005855399999745714,6.799999937356915e-06,0.005862199999683071,0.8382006754704899,0.9988400257690688,4,0,1.0,16,3,8,12,8,0,0.0,0.0,True,44,16,28,0.36363636363636365,28,8,20,0,12,0,0,0,adaptive,0.001,0.005,2,C:\Users\mrkys\workspace\sketch_tnc\outputs\pilot_protocol\toy_chain_6__astnc_l2__s1\2026-04-10_20-46-24
toy_ring_6,toy,ring,"num_nodes=6, phys_dim=2, bond_dim=3, open_legs_per_node=1",0,exact,exact,"[""exact"", ""fixed_rank"", ""astnc_l2""]",ok,runner,reused,,0.0,0.0,0.0,-inf,0.007864500000096086,8.69999985297909e-06,0.007873199999949065,1.2828202000325621,0.9988949854122935,4,,,,,,,,,,,,,,,,,,,,,,,,,,,,C:\Users\mrkys\workspace\sketch_tnc\outputs\pilot_protocol\toy_ring_6__exact__s0\2026-04-10_20-46-25
toy_ring_6,toy,ring,"num_nodes=6, phys_dim=2, bond_dim=3, open_legs_per_node=1",1,exact,exact,"[""exact"", ""fixed_rank"", ""astnc_l2""]",ok,runner,reused,,0.0,0.0,0.0,-inf,0.009735499999806052,9.899999895424116e-06,0.009745399999701476,1.2031419951030706,0.9989841360134307,4,,,,,,,,,,,,,,,,,,,,,,,,,,,,C:\Users\mrkys\workspace\sketch_tnc\outputs\pilot_protocol\toy_ring_6__exact__s1\2026-04-10_20-46-26
toy_ring_6,toy,ring,"num_nodes=6, phys_dim=2, bond_dim=3, open_legs_per_node=1",0,fixed-rank baseline,fixed_rank,"[""exact"", ""fixed_rank"", ""astnc_l2""]",ok,runner,reused,,1.0982112791285187e-15,4.194813662797009e-18,1.206068013684035e-30,-299.18628200375974,0.004436300000179472,7.100000402715523e-06,0.004443400000582187,1.9201062242567954,0.998402124184141,4,0,1.0,4,8,16,4,8,0,0.0,0.0,True,44,16,28,0.36363636363636365,28,8,20,0,4,0,4,0,fixed,0.0,0.0,4,C:\Users\mrkys\workspace\sketch_tnc\outputs\pilot_protocol\toy_ring_6__fixed_rank__s0\2026-04-10_20-46-27
toy_ring_6,toy,ring,"num_nodes=6, phys_dim=2, bond_dim=3, open_legs_per_node=1",1,fixed-rank baseline,fixed_rank,"[""exact"", ""fixed_rank"", ""astnc_l2""]",ok,runner,reused,,6.779878329396201e-16,9.727189000879707e-19,4.596675016942597e-31,-303.3755619960789,0.003942399999914414,6.600000006073969e-06,0.003948999999920488,2.2258040005717747,0.9983286905534221,4,0,1.0,4,8,16,4,8,0,0.0,0.0,True,44,16,28,0.36363636363636365,28,8,20,0,4,0,4,0,fixed,0.0,0.0,4,C:\Users\mrkys\workspace\sketch_tnc\outputs\pilot_protocol\toy_ring_6__fixed_rank__s1\2026-04-10_20-46-27
toy_ring_6,toy,ring,"num_nodes=6, phys_dim=2, bond_dim=3, open_legs_per_node=1",0,ASTNC-L2,astnc_l2,"[""exact"", ""fixed_rank"", ""astnc_l2""]",ok,runner,reused,,5.600158744723314e-05,2.1390804176441526e-07,3.1361777968153657e-09,-85.03599324180522,0.005944700000100056,6.600000233447645e-06,0.005951300000333504,1.5595752185938945,0.9988909983983383,4,0,1.0,16,8,15,5,8,0,0.0,8.858138086139064e-05,True,44,16,28,0.36363636363636365,28,8,20,0,5,0,0,0,adaptive,0.001,0.005,2,C:\Users\mrkys\workspace\sketch_tnc\outputs\pilot_protocol\toy_ring_6__astnc_l2__s0\2026-04-10_20-46-28
toy_ring_6,toy,ring,"num_nodes=6, phys_dim=2, bond_dim=3, open_legs_per_node=1",1,ASTNC-L2,astnc_l2,"[""exact"", ""fixed_rank"", ""astnc_l2""]",ok,runner,reused,,0.0007685680908334698,1.102675699528112e-06,5.906969103503341e-07,-62.286353007205335,0.006672199999684381,6.999999868639861e-06,0.0066791999995530205,1.446280991640822,0.998951970165879,4,0,1.0,16,8,15,5,8,0,0.0,6.861017465218296e-05,True,44,16,28,0.36363636363636365,28,8,20,0,5,0,0,0,adaptive,0.001,0.005,2,C:\Users\mrkys\workspace\sketch_tnc\outputs\pilot_protocol\toy_ring_6__astnc_l2__s1\2026-04-10_20-46-29
toy_tree_6,toy,tree,"num_nodes=6, phys_dim=2, bond_dim=3, open_legs_per_node=1",0,exact,exact,"[""exact"", ""fixed_rank"", ""astnc_l2""]",ok,runner,reused,,0.0,0.0,0.0,-inf,0.006699600000047212,7.60000011723605e-06,0.006707200000164448,1.3805164596868251,0.9988668891466012,4,,,,,,,,,,,,,,,,,,,,,,,,,,,,C:\Users\mrkys\workspace\sketch_tnc\outputs\pilot_protocol\toy_tree_6__exact__s0\2026-04-10_20-46-30
toy_tree_6,toy,tree,"num_nodes=6, phys_dim=2, bond_dim=3, open_legs_per_node=1",1,exact,exact,"[""exact"", ""fixed_rank"", ""astnc_l2""]",ok,runner,reused,,0.0,0.0,0.0,-inf,0.006432899999936126,8.199999683711212e-06,0.006441099999619837,0.863377373350434,0.9987269254191175,4,,,,,,,,,,,,,,,,,,,,,,,,,,,,C:\Users\mrkys\workspace\sketch_tnc\outputs\pilot_protocol\toy_tree_6__exact__s1\2026-04-10_20-46-31
toy_tree_6,toy,tree,"num_nodes=6, phys_dim=2, bond_dim=3, open_legs_per_node=1",0,fixed-rank baseline,fixed_rank,"[""exact"", ""fixed_rank"", ""astnc_l2""]",ok,runner,reused,,7.704864368093968e-16,4.787666997598564e-18,5.936493493311249e-31,-302.2647000386893,0.003359799999770985,6.599999778700294e-06,0.003366399999549685,1.978790398979372,0.9980394484382062,4,0,1.0,4,8,10,4,8,0,0.0,0.0,True,32,10,22,0.3125,22,8,14,0,4,0,6,0,fixed,0.0,0.0,4,C:\Users\mrkys\workspace\sketch_tnc\outputs\pilot_protocol\toy_tree_6__fixed_rank__s0\2026-04-10_20-46-32
toy_tree_6,toy,tree,"num_nodes=6, phys_dim=2, bond_dim=3, open_legs_per_node=1",1,fixed-rank baseline,fixed_rank,"[""exact"", ""fixed_rank"", ""astnc_l2""]",ok,runner,reused,,1.007832640701965e-15,1.2776708683390158e-18,1.0157266318645986e-30,-299.93223160405927,0.00472000000013395,7.200000027296483e-06,0.004727200000161247,1.1731468942010475,0.9984768994276679,4,0,1.0,4,8,16,4,8,0,0.0,0.0,True,44,16,28,0.36363636363636365,28,8,20,0,4,0,4,0,fixed,0.0,0.0,4,C:\Users\mrkys\workspace\sketch_tnc\outputs\pilot_protocol\toy_tree_6__fixed_rank__s1\2026-04-10_20-46-33
toy_tree_6,toy,tree,"num_nodes=6, phys_dim=2, bond_dim=3, open_legs_per_node=1",0,ASTNC-L2,astnc_l2,"[""exact"", ""fixed_rank"", ""astnc_l2""]",ok,runner,reused,,8.0375826036258e-16,4.9944122483457925e-18,6.460273411270725e-31,-301.8974910143317,0.004587899999933143,6.499999926745659e-06,0.004594399999859888,1.4778643562945752,0.998585233996707,4,0,1.0,16,8,6,8,8,0,0.0,0.0,True,32,10,22,0.3125,22,8,14,0,8,0,0,0,adaptive,0.001,0.005,2,C:\Users\mrkys\workspace\sketch_tnc\outputs\pilot_protocol\toy_tree_6__astnc_l2__s0\2026-04-10_20-46-34
toy_tree_6,toy,tree,"num_nodes=6, phys_dim=2, bond_dim=3, open_legs_per_node=1",1,ASTNC-L2,astnc_l2,"[""exact"", ""fixed_rank"", ""astnc_l2""]",ok,runner,reused,,2.89628853680396e-15,3.671744037979576e-18,8.38848729007624e-30,-290.7631634915992,0.0066776999999547115,7.400000185953104e-06,0.006685100000140665,0.8410943739586286,0.9988930605099863,4,0,1.0,16,3,8,12,8,0,0.0,0.0,True,44,16,28,0.36363636363636365,28,8,20,0,12,0,0,0,adaptive,0.001,0.005,2,C:\Users\mrkys\workspace\sketch_tnc\outputs\pilot_protocol\toy_tree_6__astnc_l2__s1\2026-04-10_20-46-35
toy_grid2d_2x3,toy,grid2d,"grid_shape=[2,3], phys_dim=2, bond_dim=3, open_legs_per_node=1",0,exact,exact,"[""exact"", ""fixed_rank"", ""astnc_l2""]",ok,runner,reused,,0.0,0.0,0.0,-inf,0.0061685999999099295,5.999999984851456e-06,0.006174599999894781,1.4633822431340648,0.9990282769760013,4,,,,,,,,,,,,,,,,,,,,,,,,,,,,C:\Users\mrkys\workspace\sketch_tnc\outputs\pilot_protocol\toy_grid2d_2x3__exact__s0\2026-04-10_20-46-35
toy_grid2d_2x3,toy,grid2d,"grid_shape=[2,3], phys_dim=2, bond_dim=3, open_legs_per_node=1",1,exact,exact,"[""exact"", ""fixed_rank"", ""astnc_l2""]",ok,runner,reused,,0.0,0.0,0.0,-inf,0.006223999999974694,1.0200000133409048e-05,0.006234200000108103,1.2852330690226563,0.9983638636662929,4,,,,,,,,,,,,,,,,,,,,,,,,,,,,C:\Users\mrkys\workspace\sketch_tnc\outputs\pilot_protocol\toy_grid2d_2x3__exact__s1\2026-04-10_20-46-36
toy_grid2d_2x3,toy,grid2d,"grid_shape=[2,3], phys_dim=2, bond_dim=3, open_legs_per_node=1",0,fixed-rank baseline,fixed_rank,"[""exact"", ""fixed_rank"", ""astnc_l2""]",ok,runner,reused,,8.659034778813616e-16,1.7542737394364665e-18,7.497888330995607e-31,-301.2506103198509,0.00391869999998562,6.600000006073969e-06,0.003925299999991694,1.69166687843974,0.9983185995963603,4,0,1.0,4,8,14,4,8,0,0.0,0.0,True,40,14,26,0.35,26,8,18,0,4,0,4,0,fixed,0.0,0.0,4,C:\Users\mrkys\workspace\sketch_tnc\outputs\pilot_protocol\toy_grid2d_2x3__fixed_rank__s0\2026-04-10_20-46-37
toy_grid2d_2x3,toy,grid2d,"grid_shape=[2,3], phys_dim=2, bond_dim=3, open_legs_per_node=1",1,fixed-rank baseline,fixed_rank,"[""exact"", ""fixed_rank"", ""astnc_l2""]",ok,runner,reused,,6.109277620839701e-16,3.728466068252232e-19,3.7323273063781817e-31,-304.2802027780846,0.004177299999810202,6.499999926745659e-06,0.004183799999736948,1.4570486159051803,0.9984463882294562,4,0,1.0,4,8,14,4,8,0,0.0,0.0,True,40,14,26,0.35,26,8,18,0,4,0,4,0,fixed,0.0,0.0,4,C:\Users\mrkys\workspace\sketch_tnc\outputs\pilot_protocol\toy_grid2d_2x3__fixed_rank__s1\2026-04-10_20-46-38
toy_grid2d_2x3,toy,grid2d,"grid_shape=[2,3], phys_dim=2, bond_dim=3, open_legs_per_node=1",0,ASTNC-L2,astnc_l2,"[""exact"", ""fixed_rank"", ""astnc_l2""]",ok,runner,reused,,4.215722514586995e-15,8.540826418882108e-18,1.7772316322188778e-29,-287.5025596553253,0.005610300000171264,6.79999970998324e-06,0.005617099999881248,1.2059603707309505,0.9987894107797766,4,0,1.0,16,8,14,4,8,0,0.0,6.998701101202183e-10,True,40,14,26,0.35,26,8,18,0,4,0,0,0,adaptive,0.001,0.005,2,C:\Users\mrkys\workspace\sketch_tnc\outputs\pilot_protocol\toy_grid2d_2x3__astnc_l2__s0\2026-04-10_20-46-39
toy_grid2d_2x3,toy,grid2d,"grid_shape=[2,3], phys_dim=2, bond_dim=3, open_legs_per_node=1",1,ASTNC-L2,astnc_l2,"[""exact"", ""fixed_rank"", ""astnc_l2""]",ok,runner,reused,,1.381445436160543e-15,8.430902560880096e-19,1.9083914938705416e-30,-297.19332527856835,0.005533300000251984,6.699999858028605e-06,0.0055400000001100125,1.1011913355341654,0.998790613563775,4,0,1.0,16,8,14,4,8,0,0.0,1.4195763291164418e-09,True,40,14,26,0.35,26,8,18,0,4,0,0,0,adaptive,0.001,0.005,2,C:\Users\mrkys\workspace\sketch_tnc\outputs\pilot_protocol\toy_grid2d_2x3__astnc_l2__s1\2026-04-10_20-46-40
toy_random_6,toy,random_connected,"num_nodes=6, phys_dim=2, bond_dim=3, edge_prob=0.35, open_legs_per_node=1",0,exact,exact,"[""exact"", ""fixed_rank"", ""astnc_l2""]",ok,runner,reused,,0.0,0.0,0.0,-inf,0.007115099999964514,7.899999900473631e-06,0.007122999999864987,1.2503158779928398,0.9988909166222779,4,,,,,,,,,,,,,,,,,,,,,,,,,,,,C:\Users\mrkys\workspace\sketch_tnc\outputs\pilot_protocol\toy_random_6__exact__s0\2026-04-10_20-46-41
toy_random_6,toy,random_connected,"num_nodes=6, phys_dim=2, bond_dim=3, edge_prob=0.35, open_legs_per_node=1",1,exact,exact,"[""exact"", ""fixed_rank"", ""astnc_l2""]",ok,runner,reused,,0.0,0.0,0.0,-inf,0.007713200000125653,7.300000106624793e-06,0.007720500000232278,1.310886600460492,0.9990544652411812,4,,,,,,,,,,,,,,,,,,,,,,,,,,,,C:\Users\mrkys\workspace\sketch_tnc\outputs\pilot_protocol\toy_random_6__exact__s1\2026-04-10_20-46-42
toy_random_6,toy,random_connected,"num_nodes=6, phys_dim=2, bond_dim=3, edge_prob=0.35, open_legs_per_node=1",0,fixed-rank baseline,fixed_rank,"[""exact"", ""fixed_rank"", ""astnc_l2""]",ok,runner,reused,,8.753745580888315e-16,1.7002844744233369e-19,7.66280617935497e-31,-301.1561215921444,0.005387300000393225,8.100000286503928e-06,0.005395400000679729,1.3400859986730884,0.9984987208948396,4,0,1.0,4,8,16,4,8,0,0.0,0.0,True,44,16,28,0.36363636363636365,28,8,20,0,4,0,4,0,fixed,0.0,0.0,4,C:\Users\mrkys\workspace\sketch_tnc\outputs\pilot_protocol\toy_random_6__fixed_rank__s0\2026-04-10_20-46-42
toy_random_6,toy,random_connected,"num_nodes=6, phys_dim=2, bond_dim=3, edge_prob=0.35, open_legs_per_node=1",1,fixed-rank baseline,fixed_rank,"[""exact"", ""fixed_rank"", ""astnc_l2""]",ok,runner,reused,,5.817126637443089e-16,1.3366472447536312e-18,3.383896231973164e-31,-304.70582963178055,0.004438299999719675,7.500000037907739e-06,0.0044457999997575826,2.0061406267215913,0.9983130142973975,4,0,1.0,4,8,16,4,8,0,0.0,0.0,True,44,16,28,0.36363636363636365,28,8,20,0,4,0,4,0,fixed,0.0,0.0,4,C:\Users\mrkys\workspace\sketch_tnc\outputs\pilot_protocol\toy_random_6__fixed_rank__s1\2026-04-10_20-46-43
toy_random_6,toy,random_connected,"num_nodes=6, phys_dim=2, bond_dim=3, edge_prob=0.35, open_legs_per_node=1",0,ASTNC-L2,astnc_l2,"[""exact"", ""fixed_rank"", ""astnc_l2""]",ok,runner,reused,,1.752713155350295e-15,3.4043838019076035e-19,3.0720034088919626e-30,-295.1257830671925,0.006830600000284903,6.799999937356915e-06,0.00683740000022226,1.010164682249715,0.9990054697785501,4,0,1.0,16,8,16,4,8,0,0.0,1.8744381562202475e-09,True,44,16,28,0.36363636363636365,28,8,20,0,4,0,0,0,adaptive,0.001,0.005,2,C:\Users\mrkys\workspace\sketch_tnc\outputs\pilot_protocol\toy_random_6__astnc_l2__s0\2026-04-10_20-46-44
toy_random_6,toy,random_connected,"num_nodes=6, phys_dim=2, bond_dim=3, edge_prob=0.35, open_legs_per_node=1",1,ASTNC-L2,astnc_l2,"[""exact"", ""fixed_rank"", ""astnc_l2""]",ok,runner,reused,,9.517855511965023e-16,2.1869930188803927e-18,9.058957355649917e-31,-300.429217847454,0.006285700000034922,6.8999997893115506e-06,0.006292599999824233,1.3159266438638009,0.998903473796458,4,0,1.0,16,4,12,8,8,0,0.0,0.0,True,44,16,28,0.36363636363636365,28,8,20,0,8,0,0,0,adaptive,0.001,0.005,2,C:\Users\mrkys\workspace\sketch_tnc\outputs\pilot_protocol\toy_random_6__astnc_l2__s1\2026-04-10_20-46-45
main_chain_8,main,chain,"num_nodes=8, phys_dim=3, bond_dim=4, open_legs_per_node=1",0,exact,exact,"[""exact"", ""fixed_rank"", ""astnc_l2""]",ok,runner,reused,,0.0,0.0,0.0,-inf,0.8792689999997947,4.549999994196696e-05,0.8793144999997367,1.004390010626672,0.9999482551454094,9,,,,,,,,,,,,,,,,,,,,,,,,,,,,C:\Users\mrkys\workspace\sketch_tnc\outputs\pilot_protocol\main_chain_8__exact__s0\2026-04-10_20-46-46
main_chain_8,main,chain,"num_nodes=8, phys_dim=3, bond_dim=4, open_legs_per_node=1",1,exact,exact,"[""exact"", ""fixed_rank"", ""astnc_l2""]",ok,runner,reused,,0.0,0.0,0.0,-inf,0.8750994999998056,4.500000000007276e-05,0.8751444999998057,1.013789951258503,0.9999485799190876,9,,,,,,,,,,,,,,,,,,,,,,,,,,,,C:\Users\mrkys\workspace\sketch_tnc\outputs\pilot_protocol\main_chain_8__exact__s1\2026-04-10_20-46-49
main_chain_8,main,chain,"num_nodes=8, phys_dim=3, bond_dim=4, open_legs_per_node=1",0,fixed-rank baseline,fixed_rank,"[""exact"", ""fixed_rank"", ""astnc_l2""]",ok,runner,reused,,2.242990577851192e-15,2.268703235839821e-19,5.031006733557367e-30,-292.98345101409126,0.01306960000010804,2.9900000072302646e-05,0.013099500000180342,67.30504217112505,0.9977174700507951,9,0,1.0,4,9,27,36,12,0,0.0,0.0,True,135,60,75,0.4444444444444444,75,12,63,0,36,0,9,0,fixed,0.0,0.0,4,C:\Users\mrkys\workspace\sketch_tnc\outputs\pilot_protocol\main_chain_8__fixed_rank__s0\2026-04-10_20-46-51
main_chain_8,main,chain,"num_nodes=8, phys_dim=3, bond_dim=4, open_legs_per_node=1",1,fixed-rank baseline,fixed_rank,"[""exact"", ""fixed_rank"", ""astnc_l2""]",ok,runner,reused,,3.903948635811482e-15,1.1722310273368252e-19,1.5240814963587016e-29,-288.16991809589217,0.013076799999907962,3.040000001419685e-05,0.013107199999922159,67.73836516856107,0.9976806639852861,9,0,1.0,4,9,27,36,12,0,0.0,0.0,True,135,60,75,0.4444444444444444,75,12,63,0,36,0,9,0,fixed,0.0,0.0,4,C:\Users\mrkys\workspace\sketch_tnc\outputs\pilot_protocol\main_chain_8__fixed_rank__s1\2026-04-10_20-46-53
main_chain_8,main,chain,"num_nodes=8, phys_dim=3, bond_dim=4, open_legs_per_node=1",0,ASTNC-L2,astnc_l2,"[""exact"", ""fixed_rank"", ""astnc_l2""]",ok,runner,reused,,2.393505278631536e-15,2.4209433709851784e-19,5.728867520235528e-30,-292.41931220671654,0.018396299999722032,3.209999999853608e-05,0.01842839999972057,48.19196457454671,0.9982581232772634,9,0,1.0,16,4,18,45,12,0,0.0,0.0,True,135,60,75,0.4444444444444444,75,12,63,0,45,0,0,0,adaptive,0.001,0.005,2,C:\Users\mrkys\workspace\sketch_tnc\outputs\pilot_protocol\main_chain_8__astnc_l2__s0\2026-04-10_20-46-55
main_chain_8,main,chain,"num_nodes=8, phys_dim=3, bond_dim=4, open_legs_per_node=1",1,ASTNC-L2,astnc_l2,"[""exact"", ""fixed_rank"", ""astnc_l2""]",ok,runner,reused,,2.860386935716153e-15,8.588827950955896e-20,8.181813428743635e-30,-290.87150428014246,0.016718099999707192,3.0699999570060754e-05,0.016748799999277253,53.160680167222225,0.9981670328280503,9,0,1.0,16,4,18,45,12,0,0.0,0.0,True,135,60,75,0.4444444444444444,75,12,63,0,45,0,0,0,adaptive,0.001,0.005,2,C:\Users\mrkys\workspace\sketch_tnc\outputs\pilot_protocol\main_chain_8__astnc_l2__s1\2026-04-10_20-46-57
main_ring_8,main,ring,"num_nodes=8, phys_dim=3, bond_dim=4, open_legs_per_node=1",0,exact,exact,"[""exact"", ""fixed_rank"", ""astnc_l1"", ""astnc_l2"", ""astnc_l3""]",ok,runner,reused,,0.0,0.0,0.0,-inf,2.2262548000003335,5.889999965802417e-05,2.2263136999999915,0.7431685390964023,0.9999735437100988,9,,,,,,,,,,,,,,,,,,,,,,,,,,,,C:\Users\mrkys\workspace\sketch_tnc\outputs\pilot_protocol\main_ring_8__exact__s0\2026-04-10_20-46-58
main_ring_8,main,ring,"num_nodes=8, phys_dim=3, bond_dim=4, open_legs_per_node=1",1,exact,exact,"[""exact"", ""fixed_rank"", ""astnc_l1"", ""astnc_l2"", ""astnc_l3""]",ok,runner,reused,,0.0,0.0,0.0,-inf,2.2903452000002744,5.919999966863543e-05,2.290404399999943,0.7344620452174183,0.9999741530357396,9,,,,,,,,,,,,,,,,,,,,,,,,,,,,C:\Users\mrkys\workspace\sketch_tnc\outputs\pilot_protocol\main_ring_8__exact__s1\2026-04-10_20-47-03
main_ring_8,main,ring,"num_nodes=8, phys_dim=3, bond_dim=4, open_legs_per_node=1",0,fixed-rank baseline,fixed_rank,"[""exact"", ""fixed_rank"", ""astnc_l1"", ""astnc_l2"", ""astnc_l3""]",ok,runner,reused,,0.8075321602784388,4.070402464662759e-05,0.6521081902034006,-1.8568034520305186,0.019235099999832528,3.0300000162242213e-05,0.01926539999999477,85.5568843581986,0.9984272321799352,9,0,1.0,4,9,27,36,12,0,0.0,0.0,True,135,60,75,0.4444444444444444,75,12,63,27,9,0,9,0,fixed,0.0,0.0,4,C:\Users\mrkys\workspace\sketch_tnc\outputs\pilot_protocol\main_ring_8__fixed_rank__s0\2026-04-10_20-47-08
main_ring_8,main,ring,"num_nodes=8, phys_dim=3, bond_dim=4, open_legs_per_node=1",1,fixed-rank baseline,fixed_rank,"[""exact"", ""fixed_rank"", ""astnc_l1"", ""astnc_l2"", ""astnc_l3""]",ok,runner,reused,,0.7771009286121126,1.9830479629089817e-05,0.6038858538341185,-2.190451437212732,0.019971899999973175,2.870000048460497e-05,0.02000060000045778,82.47366578402074,0.9985650429745851,9,0,1.0,4,9,27,36,12,0,0.0,0.0,True,135,60,75,0.4444444444444444,75,12,63,27,9,0,9,0,fixed,0.0,0.0,4,C:\Users\mrkys\workspace\sketch_tnc\outputs\pilot_protocol\main_ring_8__fixed_rank__s1\2026-04-10_20-47-11
main_ring_8,main,ring,"num_nodes=8, phys_dim=3, bond_dim=4, open_legs_per_node=1",0,ASTNC-L1,astnc_l1,"[""exact"", ""fixed_rank"", ""astnc_l1"", ""astnc_l2"", ""astnc_l3""]",ok,runner,reused,,4.273663529339475e-15,2.1541594773098242e-19,1.8264199970953154e-29,-287.38399346491207,0.04342399999995905,2.9200000426499173e-05,0.04345320000038555,38.11977483699469,0.999328012633694,9,0,1.0,16,16,27,36,12,0,0.0,2.6375446901360654e-09,True,135,60,75,0.4444444444444444,75,12,63,0,36,0,0,0,adaptive,0.0005,0.002,2,C:\Users\mrkys\workspace\sketch_tnc\outputs\pilot_protocol\main_ring_8__astnc_l1__s0\2026-04-10_20-47-13
main_ring_8,main,ring,"num_nodes=8, phys_dim=3, bond_dim=4, open_legs_per_node=1",1,ASTNC-L1,astnc_l1,"[""exact"", ""fixed_rank"", ""astnc_l1"", ""astnc_l2"", ""astnc_l3""]",ok,runner,reused,,4.3440744297741834e-15,1.1085442870431307e-19,1.8870982669677176e-29,-287.2420548420674,0.04564310000023397,2.970000059576705e-05,0.04567280000082974,35.93205364975035,0.9993497223381406,9,0,1.0,16,16,27,36,12,0,0.0,1.636910297962205e-09,True,135,60,75,0.4444444444444444,75,12,63,0,36,0,0,0,adaptive,0.0005,0.002,2,C:\Users\mrkys\workspace\sketch_tnc\outputs\pilot_protocol\main_ring_8__astnc_l1__s1\2026-04-10_20-47-16
main_ring_8,main,ring,"num_nodes=8, phys_dim=3, bond_dim=4, open_legs_per_node=1",0,ASTNC-L2,astnc_l2,"[""exact"", ""fixed_rank"", ""astnc_l1"", ""astnc_l2"", ""astnc_l3""]",ok,runner,reused,,4.273663529339475e-15,2.1541594773098242e-19,1.8264199970953154e-29,-287.38399346491207,0.046218599999974685,3.050000009352516e-05,0.04624910000006821,36.285901778874305,0.9993405276839372,9,0,1.0,16,16,27,36,12,0,0.0,2.6375446901360654e-09,True,135,60,75,0.4444444444444444,75,12,63,0,36,0,0,0,adaptive,0.001,0.005,2,C:\Users\mrkys\workspace\sketch_tnc\outputs\pilot_protocol\main_ring_8__astnc_l2__s0\2026-04-10_20-47-19
main_ring_8,main,ring,"num_nodes=8, phys_dim=3, bond_dim=4, open_legs_per_node=1",1,ASTNC-L2,astnc_l2,"[""exact"", ""fixed_rank"", ""astnc_l1"", ""astnc_l2"", ""astnc_l3""]",ok,runner,reused,,4.3440744297741834e-15,1.1085442870431307e-19,1.8870982669677176e-29,-287.2420548420674,0.04836620000014591,3.3300000495728455e-05,0.04839950000064164,35.26506885282336,0.9993119763325118,9,0,1.0,16,16,27,36,12,0,0.0,1.636910297962205e-09,True,135,60,75,0.4444444444444444,75,12,63,0,36,0,0,0,adaptive,0.001,0.005,2,C:\Users\mrkys\workspace\sketch_tnc\outputs\pilot_protocol\main_ring_8__astnc_l2__s1\2026-04-10_20-47-21
main_ring_8,main,ring,"num_nodes=8, phys_dim=3, bond_dim=4, open_legs_per_node=1",0,ASTNC-L3,astnc_l3,"[""exact"", ""fixed_rank"", ""astnc_l1"", ""astnc_l2"", ""astnc_l3""]",ok,runner,reused,,0.01265240987912524,6.377504561323895e-07,0.00016008347582780364,-37.95653494608932,0.04458319999980631,2.9699999913646025e-05,0.04461289999971996,37.39472215373489,0.9993342732502669,9,0,1.0,16,16,27,36,12,0,0.0,0.0012648250665846673,True,135,60,75,0.4444444444444444,75,12,63,0,36,0,0,0,adaptive,0.003,0.015,2,C:\Users\mrkys\workspace\sketch_tnc\outputs\pilot_protocol\main_ring_8__astnc_l3__s0\2026-04-10_20-47-24
main_ring_8,main,ring,"num_nodes=8, phys_dim=3, bond_dim=4, open_legs_per_node=1",1,ASTNC-L3,astnc_l3,"[""exact"", ""fixed_rank"", ""astnc_l1"", ""astnc_l2"", ""astnc_l3""]",ok,runner,reused,,0.013302342205506107,3.3945632595832525e-07,0.0001769523083236054,-37.521437676652596,0.048454500000161715,0.00016990000017358398,0.0486244000003353,34.39344238600461,0.9965058694571262,9,0,1.0,16,16,26,37,12,0,0.0,0.0016147693873446915,True,135,60,75,0.4444444444444444,75,12,63,0,37,0,0,0,adaptive,0.003,0.015,2,C:\Users\mrkys\workspace\sketch_tnc\outputs\pilot_protocol\main_ring_8__astnc_l3__s1\2026-04-10_20-47-26
main_tree_8,main,tree,"num_nodes=8, phys_dim=3, bond_dim=4, open_legs_per_node=1",0,exact,exact,"[""exact"", ""fixed_rank"", ""astnc_l2""]",ok,runner,reused,,0.0,0.0,0.0,-inf,0.8875514999999723,4.589999957715918e-05,0.8875973999995495,1.0039049235600674,0.9999482873647703,9,,,,,,,,,,,,,,,,,,,,,,,,,,,,C:\Users\mrkys\workspace\sketch_tnc\outputs\pilot_protocol\main_tree_8__exact__s0\2026-04-10_20-47-29
main_tree_8,main,tree,"num_nodes=8, phys_dim=3, bond_dim=4, open_legs_per_node=1",1,exact,exact,"[""exact"", ""fixed_rank"", ""astnc_l2""]",ok,runner,reused,,0.0,0.0,0.0,-inf,0.8551361999998335,4.179999973530357e-05,0.8551779999995688,1.0442566342902198,0.9999511212861706,9,,,,,,,,,,,,,,,,,,,,,,,,,,,,C:\Users\mrkys\workspace\sketch_tnc\outputs\pilot_protocol\main_tree_8__exact__s1\2026-04-10_20-47-32
main_tree_8,main,tree,"num_nodes=8, phys_dim=3, bond_dim=4, open_legs_per_node=1",0,fixed-rank baseline,fixed_rank,"[""exact"", ""fixed_rank"", ""astnc_l2""]",ok,runner,reused,,0.6724252332041912,7.10083089362657e-05,0.45215569435543357,-3.447119953733333,0.01824889999966217,2.3999999484658474e-05,0.01827289999914683,48.05484077473978,0.9986865795530833,9,0,1.0,4,4,12,45,12,0,0.0,0.0,True,123,54,69,0.43902439024390244,69,12,57,18,27,0,0,0,fixed,0.0,0.0,4,C:\Users\mrkys\workspace\sketch_tnc\outputs\pilot_protocol\main_tree_8__fixed_rank__s0\2026-04-10_20-47-34
main_tree_8,main,tree,"num_nodes=8, phys_dim=3, bond_dim=4, open_legs_per_node=1",1,fixed-rank baseline,fixed_rank,"[""exact"", ""fixed_rank"", ""astnc_l2""]",ok,runner,reused,,0.637790459836012,2.8835665686755797e-05,0.406776670879983,-3.9064396233390015,0.017886200000020835,3.4800000094037387e-05,0.017921000000114873,47.80720941614459,0.9980581440158545,9,0,1.0,4,9,21,36,12,0,0.0,0.0,True,123,54,69,0.43902439024390244,69,12,57,9,27,0,9,0,fixed,0.0,0.0,4,C:\Users\mrkys\workspace\sketch_tnc\outputs\pilot_protocol\main_tree_8__fixed_rank__s1\2026-04-10_20-47-36
main_tree_8,main,tree,"num_nodes=8, phys_dim=3, bond_dim=4, open_legs_per_node=1",0,ASTNC-L2,astnc_l2,"[""exact"", ""fixed_rank"", ""astnc_l2""]",ok,runner,reused,,3.268335770021782e-15,3.4513725036651113e-19,1.0682018708101538e-29,-289.7134666575855,0.018221999999923355,2.180000024054607e-05,0.0182438000001639,48.589822292671506,0.9988050734365015,9,0,1.0,16,16,21,36,12,0,0.0,1.024129043468337e-09,True,123,54,69,0.43902439024390244,69,12,57,0,36,0,0,0,adaptive,0.001,0.005,2,C:\Users\mrkys\workspace\sketch_tnc\outputs\pilot_protocol\main_tree_8__astnc_l2__s0\2026-04-10_20-47-38
main_tree_8,main,tree,"num_nodes=8, phys_dim=3, bond_dim=4, open_legs_per_node=1",1,ASTNC-L2,astnc_l2,"[""exact"", ""fixed_rank"", ""astnc_l2""]",ok,runner,reused,,0.011881707967085823,5.371936087200849e-07,0.00014117498429221003,-38.50242251912719,0.024221399999532878,3.129999959128327e-05,0.02425269999912416,35.10546866929202,0.9987094220193578,9,0,1.0,16,12,19,38,12,0,0.0,0.000532948714726192,True,123,54,69,0.43902439024390244,69,12,57,0,38,0,0,0,adaptive,0.001,0.005,2,C:\Users\mrkys\workspace\sketch_tnc\outputs\pilot_protocol\main_tree_8__astnc_l2__s1\2026-04-10_20-47-40
main_grid2d_3x3,main,grid2d,"grid_shape=[3,3], phys_dim=3, bond_dim=4, open_legs_per_node=1",0,exact,exact,"[""exact"", ""fixed_rank"", ""astnc_l1"", ""astnc_l2"", ""astnc_l3""]",ok,runner,reused,,0.0,0.0,0.0,-inf,33.18579640000007,9.500000010120857e-05,33.18589140000017,0.9485647355550324,0.9999971373376728,9,,,,,,,,,,,,,,,,,,,,,,,,,,,,C:\Users\mrkys\workspace\sketch_tnc\outputs\pilot_protocol\main_grid2d_3x3__exact__s0\2026-04-10_20-47-41
main_grid2d_3x3,main,grid2d,"grid_shape=[3,3], phys_dim=3, bond_dim=4, open_legs_per_node=1",1,exact,exact,"[""exact"", ""fixed_rank"", ""astnc_l1"", ""astnc_l2"", ""astnc_l3""]",ok,runner,reused,,0.0,0.0,0.0,-inf,32.98336979999999,0.00013509999985217291,32.98350489999984,0.9601026269345918,0.9999959040131949,9,,,,,,,,,,,,,,,,,,,,,,,,,,,,C:\Users\mrkys\workspace\sketch_tnc\outputs\pilot_protocol\main_grid2d_3x3__exact__s1\2026-04-10_20-48-47
main_grid2d_3x3,main,grid2d,"grid_shape=[3,3], phys_dim=3, bond_dim=4, open_legs_per_node=1",0,fixed-rank baseline,fixed_rank,"[""exact"", ""fixed_rank"", ""astnc_l1"", ""astnc_l2"", ""astnc_l3""]",ok,runner,reused,,0.9801624658690081,2.095924322453513e-06,0.960718465903176,-0.1740386167391808,0.0628159999998843,0.00017589999970368808,0.06299189999958799,498.3336936924788,0.997207577471039,9,0,1.0,4,4,12,54,13,0,0.0,0.0,True,141,62,79,0.4397163120567376,79,13,66,45,9,0,0,0,fixed,0.0,0.0,4,C:\Users\mrkys\workspace\sketch_tnc\outputs\pilot_protocol\main_grid2d_3x3__fixed_rank__s0\2026-04-10_20-49-53
main_grid2d_3x3,main,grid2d,"grid_shape=[3,3], phys_dim=3, bond_dim=4, open_legs_per_node=1",1,fixed-rank baseline,fixed_rank,"[""exact"", ""fixed_rank"", ""astnc_l1"", ""astnc_l2"", ""astnc_l3""]",ok,runner,reused,,0.9796896242282239,1.4369557528868047e-06,0.9597917691488239,-0.17822978750934815,0.062319200000047204,0.00017329999991488876,0.06249249999996209,509.7616721928067,0.9972268672094696,9,0,1.0,4,4,12,54,13,0,0.0,0.0,True,141,62,79,0.4397163120567376,79,13,66,45,9,0,0,0,fixed,0.0,0.0,4,C:\Users\mrkys\workspace\sketch_tnc\outputs\pilot_protocol\main_grid2d_3x3__fixed_rank__s1\2026-04-10_20-50-26
main_grid2d_3x3,main,grid2d,"grid_shape=[3,3], phys_dim=3, bond_dim=4, open_legs_per_node=1",0,ASTNC-L1,astnc_l1,"[""exact"", ""fixed_rank"", ""astnc_l1"", ""astnc_l2"", ""astnc_l3""]",ok,runner,reused,,2.5922960896179675e-14,5.543220246058216e-20,6.7199990610484035e-28,-271.72630787627946,0.19793259999983093,0.00011710000012499222,0.19804969999995592,116.55372515024398,0.9994087342665784,9,0,1.0,16,64,30,36,13,0,0.0,2.780777418672972e-09,True,141,62,79,0.4397163120567376,79,13,66,18,18,0,0,0,adaptive,0.0005,0.002,2,C:\Users\mrkys\workspace\sketch_tnc\outputs\pilot_protocol\main_grid2d_3x3__astnc_l1__s0\2026-04-10_20-50-59
main_grid2d_3x3,main,grid2d,"grid_shape=[3,3], phys_dim=3, bond_dim=4, open_legs_per_node=1",1,ASTNC-L1,astnc_l1,"[""exact"", ""fixed_rank"", ""astnc_l1"", ""astnc_l2"", ""astnc_l3""]",ok,runner,reused,,1.8723660307418475e-14,2.746285224265641e-20,3.5057545871490274e-28,-274.55218489034405,0.18916370000033567,6.68000004679925e-05,0.18923050000080366,117.89124057584762,0.9996469913599163,9,0,1.0,16,64,30,36,13,0,0.0,2.5139479744519136e-09,True,141,62,79,0.4397163120567376,79,13,66,18,18,0,0,0,adaptive,0.0005,0.002,2,C:\Users\mrkys\workspace\sketch_tnc\outputs\pilot_protocol\main_grid2d_3x3__astnc_l1__s1\2026-04-10_20-51-23
main_grid2d_3x3,main,grid2d,"grid_shape=[3,3], phys_dim=3, bond_dim=4, open_legs_per_node=1",0,ASTNC-L2,astnc_l2,"[""exact"", ""fixed_rank"", ""astnc_l1"", ""astnc_l2"", ""astnc_l3""]",ok,runner,reused,,0.004461158998039453,9.539491641350845e-09,1.9901939738467393e-05,-47.011045931049495,0.19849540000041088,0.00010000000020227162,0.19859540000061315,109.26123263592476,0.9994964636582647,9,0,1.0,16,64,30,36,13,0,0.0,0.00047029083613557234,True,141,62,79,0.4397163120567376,79,13,66,13,23,0,0,0,adaptive,0.001,0.005,2,C:\Users\mrkys\workspace\sketch_tnc\outputs\pilot_protocol\main_grid2d_3x3__astnc_l2__s0\2026-04-10_20-51-47
main_grid2d_3x3,main,grid2d,"grid_shape=[3,3], phys_dim=3, bond_dim=4, open_legs_per_node=1",1,ASTNC-L2,astnc_l2,"[""exact"", ""fixed_rank"", ""astnc_l1"", ""astnc_l2"", ""astnc_l3""]",ok,runner,reused,,0.0036330415769231495,5.328748886719373e-09,1.3198991227935569e-05,-48.79459259770086,0.361850300000242,0.00018619999991642544,0.3620365000001584,90.94327422758485,0.9994856872140908,9,0,1.0,16,64,30,36,13,0,0.0,0.0003575459070732554,True,141,62,79,0.4397163120567376,79,13,66,14,22,0,0,0,adaptive,0.001,0.005,2,C:\Users\mrkys\workspace\sketch_tnc\outputs\pilot_protocol\main_grid2d_3x3__astnc_l2__s1\2026-04-10_20-52-10
main_grid2d_3x3,main,grid2d,"grid_shape=[3,3], phys_dim=3, bond_dim=4, open_legs_per_node=1",0,ASTNC-L3,astnc_l3,"[""exact"", ""fixed_rank"", ""astnc_l1"", ""astnc_l2"", ""astnc_l3""]",ok,runner,reused,,0.017415217401660483,3.723972198894013e-08,0.00030328979916902126,-35.18142196478344,0.4534545000003618,0.00017460000049140945,0.4536291000008532,71.3667233867215,0.9996151040541917,9,0,1.0,16,64,30,36,13,0,0.0,0.002463308096788617,True,141,62,79,0.4397163120567376,79,13,66,9,27,0,0,0,adaptive,0.003,0.015,2,C:\Users\mrkys\workspace\sketch_tnc\outputs\pilot_protocol\main_grid2d_3x3__astnc_l3__s0\2026-04-10_20-52-45
main_grid2d_3x3,main,grid2d,"grid_shape=[3,3], phys_dim=3, bond_dim=4, open_legs_per_node=1",1,ASTNC-L3,astnc_l3,"[""exact"", ""fixed_rank"", ""astnc_l1"", ""astnc_l2"", ""astnc_l3""]",ok,runner,reused,,0.01870341721072717,2.7433160763306787e-08,0.00034981781875846634,-34.56158072526348,0.33931379999989986,9.420000014870311e-05,0.33940800000004856,88.87356662161076,0.9997224579233596,9,0,1.0,16,64,30,36,13,0,0.0,0.0029884904545066852,True,141,62,79,0.4397163120567376,79,13,66,6,30,0,0,0,adaptive,0.003,0.015,2,C:\Users\mrkys\workspace\sketch_tnc\outputs\pilot_protocol\main_grid2d_3x3__astnc_l3__s1\2026-04-10_20-53-19
main_random_8,main,random_connected,"num_nodes=8, phys_dim=3, bond_dim=4, edge_prob=0.35, open_legs_per_node=1",0,exact,exact,"[""exact"", ""fixed_rank"", ""astnc_l1"", ""astnc_l2"", ""astnc_l3""]",ok,runner,reused,,0.0,0.0,0.0,-inf,0.8027302000002692,3.829999945992313e-05,0.8027684999997291,0.9745348752466613,0.9999522901054789,9,,,,,,,,,,,,,,,,,,,,,,,,,,,,C:\Users\mrkys\workspace\sketch_tnc\outputs\pilot_protocol\main_random_8__exact__s0\2026-04-10_20-53-50
main_random_8,main,random_connected,"num_nodes=8, phys_dim=3, bond_dim=4, edge_prob=0.35, open_legs_per_node=1",1,exact,exact,"[""exact"", ""fixed_rank"", ""astnc_l1"", ""astnc_l2"", ""astnc_l3""]",ok,runner,reused,,0.0,0.0,0.0,-inf,0.3164883000001737,4.990000047655485e-05,0.31653820000065025,1.0154663797242358,0.9998423570947321,9,,,,,,,,,,,,,,,,,,,,,,,,,,,,C:\Users\mrkys\workspace\sketch_tnc\outputs\pilot_protocol\main_random_8__exact__s1\2026-04-10_20-53-53
main_random_8,main,random_connected,"num_nodes=8, phys_dim=3, bond_dim=4, edge_prob=0.35, open_legs_per_node=1",0,fixed-rank baseline,fixed_rank,"[""exact"", ""fixed_rank"", ""astnc_l1"", ""astnc_l2"", ""astnc_l3""]",ok,runner,reused,,0.935519502694432,1.5305600428228543e-05,0.8751967412424866,-0.5789430808450272,0.014369600000009086,3.239999978177366e-05,0.01440199999979086,53.544278569490615,0.9977503124024445,9,0,1.0,4,9,15,18,12,0,0.0,0.0,True,75,30,45,0.4,45,12,33,9,9,0,3,0,fixed,0.0,0.0,4,C:\Users\mrkys\workspace\sketch_tnc\outputs\pilot_protocol\main_random_8__fixed_rank__s0\2026-04-10_20-53-54
main_random_8,main,random_connected,"num_nodes=8, phys_dim=3, bond_dim=4, edge_prob=0.35, open_legs_per_node=1",1,fixed-rank baseline,fixed_rank,"[""exact"", ""fixed_rank"", ""astnc_l1"", ""astnc_l2"", ""astnc_l3""]",ok,runner,reused,,0.861307386204862,1.1694672285128219e-05,0.7418504148801116,-1.296836560973906,0.020408599999882426,3.0200000082913903e-05,0.02043879999996534,15.08223574699267,0.998522418092966,9,0,1.0,4,9,27,36,12,0,0.0,0.0,True,135,60,75,0.4444444444444444,75,12,63,18,18,0,9,0,fixed,0.0,0.0,4,C:\Users\mrkys\workspace\sketch_tnc\outputs\pilot_protocol\main_random_8__fixed_rank__s1\2026-04-10_20-53-56
main_random_8,main,random_connected,"num_nodes=8, phys_dim=3, bond_dim=4, edge_prob=0.35, open_legs_per_node=1",0,ASTNC-L1,astnc_l1,"[""exact"", ""fixed_rank"", ""astnc_l1"", ""astnc_l2"", ""astnc_l3""]",ok,runner,reused,,8.17097495355686e-15,1.3368152923376666e-19,6.676483179241519e-29,-281.75452240823677,0.03796480000073643,3.329999981360743e-05,0.03799810000055004,20.178874732387552,0.99912364037117,9,0,1.0,16,81,12,21,12,0,0.0,1.9234781283800596e-09,True,75,30,45,0.4,45,12,33,3,18,0,0,0,adaptive,0.0005,0.002,2,C:\Users\mrkys\workspace\sketch_tnc\outputs\pilot_protocol\main_random_8__astnc_l1__s0\2026-04-10_20-53-57
main_random_8,main,random_connected,"num_nodes=8, phys_dim=3, bond_dim=4, edge_prob=0.35, open_legs_per_node=1",1,ASTNC-L1,astnc_l1,"[""exact"", ""fixed_rank"", ""astnc_l1"", ""astnc_l2"", ""astnc_l3""]",ok,runner,reused,,3.535549354709715e-15,4.8005034803442705e-20,1.250010926231982e-29,-289.0308619084673,0.032599499999832915,3.069999979743443e-05,0.03263019999963035,9.486763795327432,0.9990591537656269,9,0,1.0,16,27,36,27,12,0,0.0,1.7783001094921215e-09,True,135,60,75,0.4444444444444444,75,12,63,0,27,0,0,0,adaptive,0.0005,0.002,2,C:\Users\mrkys\workspace\sketch_tnc\outputs\pilot_protocol\main_random_8__astnc_l1__s1\2026-04-10_20-53-59
main_random_8,main,random_connected,"num_nodes=8, phys_dim=3, bond_dim=4, edge_prob=0.35, open_legs_per_node=1",0,ASTNC-L2,astnc_l2,"[""exact"", ""fixed_rank"", ""astnc_l1"", ""astnc_l2"", ""astnc_l3""]",ok,runner,reused,,4.94505031907079e-15,8.090367337419703e-20,2.4453522695047434e-29,-286.1165856898126,0.03699740000024576,3.289999972366786e-05,0.03703029999996943,21.224907710163667,0.9991115383693137,9,0,1.0,16,81,12,21,12,0,0.0,1.701207195360825e-09,True,75,30,45,0.4,45,12,33,3,18,0,0,0,adaptive,0.001,0.005,2,C:\Users\mrkys\workspace\sketch_tnc\outputs\pilot_protocol\main_random_8__astnc_l2__s0\2026-04-10_20-54-01
main_random_8,main,random_connected,"num_nodes=8, phys_dim=3, bond_dim=4, edge_prob=0.35, open_legs_per_node=1",1,ASTNC-L2,astnc_l2,"[""exact"", ""fixed_rank"", ""astnc_l1"", ""astnc_l2"", ""astnc_l3""]",ok,runner,reused,,3.535549354709715e-15,4.8005034803442705e-20,1.250010926231982e-29,-289.0308619084673,0.0325508000003083,3.100000071754039e-05,0.03258180000102584,9.131637907729614,0.9990485485235434,9,0,1.0,16,27,36,27,12,0,0.0,1.7783001094921215e-09,True,135,60,75,0.4444444444444444,75,12,63,0,27,0,0,0,adaptive,0.001,0.005,2,C:\Users\mrkys\workspace\sketch_tnc\outputs\pilot_protocol\main_random_8__astnc_l2__s1\2026-04-10_20-54-02
main_random_8,main,random_connected,"num_nodes=8, phys_dim=3, bond_dim=4, edge_prob=0.35, open_legs_per_node=1",0,ASTNC-L3,astnc_l3,"[""exact"", ""fixed_rank"", ""astnc_l1"", ""astnc_l2"", ""astnc_l3""]",ok,runner,reused,,0.033680505959750716,5.510311275775638e-07,0.0011343764834168073,-29.452427853593306,0.036781200000177705,3.489999994599202e-05,0.0368161000001237,21.05263458042515,0.9990520451393569,9,0,1.0,16,79,7,26,12,0,0.0,0.004028613542359677,True,75,30,45,0.4,45,12,33,3,23,0,0,0,adaptive,0.003,0.015,2,C:\Users\mrkys\workspace\sketch_tnc\outputs\pilot_protocol\main_random_8__astnc_l3__s0\2026-04-10_20-54-04
main_random_8,main,random_connected,"num_nodes=8, phys_dim=3, bond_dim=4, edge_prob=0.35, open_legs_per_node=1",1,ASTNC-L3,astnc_l3,"[""exact"", ""fixed_rank"", ""astnc_l1"", ""astnc_l2"", ""astnc_l3""]",ok,runner,reused,,0.004267022271282118,5.793683868875913e-08,1.8207479096728033e-05,-47.39750179969374,0.032437299999855895,3.210000022590975e-05,0.032469400000081805,9.585209458440605,0.9990113768278798,9,0,1.0,16,27,35,28,12,0,0.0,0.0002209725567273544,True,135,60,75,0.4444444444444444,75,12,63,0,28,0,0,0,adaptive,0.003,0.015,2,C:\Users\mrkys\workspace\sketch_tnc\outputs\pilot_protocol\main_random_8__astnc_l3__s1\2026-04-10_20-54-05
stress_ring_10,stress,ring,"num_nodes=10, phys_dim=3, bond_dim=4, open_legs_per_node=1",0,exact,exact,"[""exact"", ""astnc_l2"", ""astnc_l3""]",timeout,driver,timeout,timeout>180s,,,,,,,,,,,,,,,,,,,,,,,,,,,,,,,,,,,,,,
stress_ring_10,stress,ring,"num_nodes=10, phys_dim=3, bond_dim=4, open_legs_per_node=1",0,ASTNC-L2,astnc_l2,"[""exact"", ""astnc_l2"", ""astnc_l3""]",timeout,driver,timeout,timeout>180s,,,,,,,,,,,,,,,,,,,,,,,,,,,,,,,,,,,,,,
stress_ring_10,stress,ring,"num_nodes=10, phys_dim=3, bond_dim=4, open_legs_per_node=1",0,ASTNC-L3,astnc_l3,"[""exact"", ""astnc_l2"", ""astnc_l3""]",timeout,driver,timeout,timeout>180s,,,,,,,,,,,,,,,,,,,,,,,,,,,,,,,,,,,,,,
stress_grid2d_3x4,stress,grid2d,"grid_shape=[3,4], phys_dim=3, bond_dim=4, open_legs_per_node=1",0,ASTNC-L2,astnc_l2,"[""astnc_l2""]",timeout,driver,timeout,timeout>180s,,,,,,,,,,,,,,,,,,,,,,,,,,,,,,,,,,,,,,
stress_random_10,stress,random_connected,"num_nodes=10, phys_dim=3, bond_dim=4, edge_prob=0.35, open_legs_per_node=1",0,exact,exact,"[""exact"", ""astnc_l2""]",timeout,driver,timeout,timeout>180s,,,,,,,,,,,,,,,,,,,,,,,,,,,,,,,,,,,,,,
stress_random_10,stress,random_connected,"num_nodes=10, phys_dim=3, bond_dim=4, edge_prob=0.35, open_legs_per_node=1",0,ASTNC-L2,astnc_l2,"[""exact"", ""astnc_l2""]",timeout,driver,timeout,timeout>180s,,,,,,,,,,,,,,,,,,,,,,,,,,,,,,,,,,,,,,
ablate_ring_8,ablation_probe,ring,"num_nodes=8, phys_dim=3, bond_dim=4, open_legs_per_node=1",0,ASTNC-L2,astnc_l2,"[""astnc_l2"", ""ablate_no_cache"", ""ablate_no_implicit"", ""ablate_no_blockwise""]",ok,runner,reused,,4.273663529339475e-15,2.1541594773098242e-19,1.8264199970953154e-29,-287.38399346491207,0.04836419999901409,3.0900000183464726e-05,0.048395099999197555,33.75055739098781,0.999361505582521,9,0,1.0,16,16,27,36,12,0,0.0,2.6375446901360654e-09,True,135,60,75,0.4444444444444444,75,12,63,0,36,0,0,0,adaptive,0.001,0.005,2,C:\Users\mrkys\workspace\sketch_tnc\outputs\pilot_protocol\ablate_ring_8__astnc_l2__s0\2026-04-10_21-12-07
ablate_ring_8,ablation_probe,ring,"num_nodes=8, phys_dim=3, bond_dim=4, open_legs_per_node=1",0,ASTNC-L2-no-cache,ablate_no_cache,"[""astnc_l2"", ""ablate_no_cache"", ""ablate_no_implicit"", ""ablate_no_blockwise""]",ok,runner,reused,,4.273663529339475e-15,2.1541594773098242e-19,1.8264199970953154e-29,-287.38399346491207,0.056775599999127735,3.390000074432464e-05,0.05680949999987206,29.49206382688782,0.9994032687887799,9,0,1.0,16,16,27,36,72,0,0.0,2.6375446901360654e-09,False,0,0,0,0.0,0,72,63,0,36,0,0,0,adaptive,0.001,0.005,2,C:\Users\mrkys\workspace\sketch_tnc\outputs\pilot_protocol\ablate_ring_8__ablate_no_cache__s0\2026-04-10_21-12-09
ablate_ring_8,ablation_probe,ring,"num_nodes=8, phys_dim=3, bond_dim=4, open_legs_per_node=1",0,ASTNC-L2-no-implicit,ablate_no_implicit,"[""astnc_l2"", ""ablate_no_cache"", ""ablate_no_implicit"", ""ablate_no_blockwise""]",ok,runner,reused,,4.273663529339475e-15,2.1541594773098242e-19,1.8264199970953154e-29,-287.38399346491207,0.042517199999110744,2.9499999527615728e-05,0.04254669999863836,40.432806775026414,0.9993066442161703,9,0,1.0,16,16,27,36,12,0,0.0,2.6375446901360654e-09,True,135,60,75,0.4444444444444444,75,12,63,0,36,0,0,0,adaptive,0.001,0.005,2,C:\Users\mrkys\workspace\sketch_tnc\outputs\pilot_protocol\ablate_ring_8__ablate_no_implicit__s0\2026-04-10_21-12-12
ablate_ring_8,ablation_probe,ring,"num_nodes=8, phys_dim=3, bond_dim=4, open_legs_per_node=1",0,ASTNC-L2-no-blockwise,ablate_no_blockwise,"[""astnc_l2"", ""ablate_no_cache"", ""ablate_no_implicit"", ""ablate_no_blockwise""]",ok,runner,reused,,8.2249650560152e-15,4.1458309256965985e-19,6.765005020580983e-29,-281.6973187675892,0.029069000000163214,1.2699999842880061e-05,0.029081700000006094,15.58266538697574,0.999563299227953,1,0,1.0,16,16,1,6,8,0,0.0,2.69861268983621e-09,True,15,0,15,0.0,15,8,7,0,6,0,0,0,adaptive,0.001,0.005,2,C:\Users\mrkys\workspace\sketch_tnc\outputs\pilot_protocol\ablate_ring_8__ablate_no_blockwise__s0\2026-04-10_21-12-15
ablate_grid2d_3x3,ablation_probe,grid2d,"grid_shape=[3,3], phys_dim=3, bond_dim=4, open_legs_per_node=1",0,ASTNC-L2,astnc_l2,"[""astnc_l2"", ""ablate_no_cache"", ""ablate_no_implicit"", ""ablate_no_blockwise""]",ok,runner,reused,,0.004461158998039453,9.539491641350845e-09,1.9901939738467393e-05,-47.011045931049495,0.4527498999987074,0.0001551000004837988,0.4529049999991912,69.5561967741293,0.9996575440732963,9,0,1.0,16,64,30,36,13,0,0.0,0.00047029083613557234,True,141,62,79,0.4397163120567376,79,13,66,13,23,0,0,0,adaptive,0.001,0.005,2,C:\Users\mrkys\workspace\sketch_tnc\outputs\pilot_protocol\ablate_grid2d_3x3__astnc_l2__s0\2026-04-10_21-12-16
ablate_grid2d_3x3,ablation_probe,grid2d,"grid_shape=[3,3], phys_dim=3, bond_dim=4, open_legs_per_node=1",0,ASTNC-L2-no-cache,ablate_no_cache,"[""astnc_l2"", ""ablate_no_cache"", ""ablate_no_implicit"", ""ablate_no_blockwise""]",ok,runner,reused,,0.004461158998039453,9.539491641350845e-09,1.9901939738467393e-05,-47.011045931049495,0.21301020000009885,9.820000059335143e-05,0.2131084000006922,147.2273669163286,0.9995392016382622,9,0,1.0,16,64,36,36,81,0,0.0,0.0004310999331242746,False,0,0,0,0.0,0,81,72,13,23,0,0,0,adaptive,0.001,0.005,2,C:\Users\mrkys\workspace\sketch_tnc\outputs\pilot_protocol\ablate_grid2d_3x3__ablate_no_cache__s0\2026-04-10_21-12-49
ablate_grid2d_3x3,ablation_probe,grid2d,"grid_shape=[3,3], phys_dim=3, bond_dim=4, open_legs_per_node=1",0,ASTNC-L2-no-implicit,ablate_no_implicit,"[""astnc_l2"", ""ablate_no_cache"", ""ablate_no_implicit"", ""ablate_no_blockwise""]",ok,runner,reused,,0.00446115899803946,9.539491641350858e-09,1.990193973846745e-05,-47.01104593104947,2.77147819999891,0.00014390000023922767,2.771622099999149,11.626345705642123,0.9999480809446427,9,0,1.0,16,64,30,36,13,0,0.0,0.0004702902284434588,True,141,62,79,0.4397163120567376,79,13,66,0,36,0,0,0,adaptive,0.001,0.005,2,C:\Users\mrkys\workspace\sketch_tnc\outputs\pilot_protocol\ablate_grid2d_3x3__ablate_no_implicit__s0\2026-04-10_21-13-22
ablate_grid2d_3x3,ablation_probe,grid2d,"grid_shape=[3,3], phys_dim=3, bond_dim=4, open_legs_per_node=1",0,ASTNC-L2-no-blockwise,ablate_no_blockwise,"[""astnc_l2"", ""ablate_no_cache"", ""ablate_no_implicit"", ""ablate_no_blockwise""]",ok,runner,reused,,0.010290543385193982,2.2004719547354733e-08,0.00010589528386852508,-39.751233811152126,0.9651024000004327,6.77000002724526e-05,0.9651701000007051,11.524322293013677,0.9999298569223474,1,0,1.0,16,223,3,5,9,0,0.0,0.0013626767873963549,True,17,0,17,0.0,17,9,8,4,1,0,0,0,adaptive,0.001,0.005,2,C:\Users\mrkys\workspace\sketch_tnc\outputs\pilot_protocol\ablate_grid2d_3x3__ablate_no_blockwise__s0\2026-04-10_21-13-58
